,YEAR,STATE NAME,DISTRICT NAME,TOTAL POULATION,PERCENTAGE URBAN POPULATION,0-6 POPULATION,GROWTH RATE,SEX RATIO,PERCENTAGE SC POPULATION,PERCENTAGE ST POPULATION,OVERALL LITERACY,FEMALE LITERACY,MALE LITERACY,AREA (SQ. KM) (AREA SQKM),AGE GROUP 6 TO 10 (TOT 6 10 15),AGE GROUP 11 TO 13 (TOT 11 13 15),PRIMARY ONLY (SCH1),PRIMARY WITH UPPER PRIMARY (SCH2)
0,2015-16,JAMMU AND KASHMIR,KUPWARA,875564,11.33,197001.9,34.62,843,0.12,8.08,66.92,54.79,77.1,2379,135672,72701,1107,818
1,2015-16,JAMMU AND KASHMIR,BARAMULA,1015503,17.19,161871.18,20.34,873,0.15,3.74,66.93,55.01,77.35,4243,117874,70952,1215,825
2,2015-16,JAMMU AND KASHMIR,SRINAGAR,1269751,98.73,155798.45,23.56,879,0.09,0.72,71.21,63.47,77.95,1979,113560,62397,258,417
3,2015-16,JAMMU AND KASHMIR,BADGAM,735753,11.74,150755.79,21.18,883,0.05,3.17,57.98,46.6,68.56,1361,118477,58838,755,537
4,2015-16,JAMMU AND KASHMIR,PULWAMA,570060,13.8,97651.28,29.18,913,0.07,4.03,65,53.81,75.41,1086,64493,30166,532,339
5,2015-16,JAMMU AND KASHMIR,ANANTNAG,1070144,26.04,206323.76,37.48,937,0.17,10.75,64.32,54.15,74.13,3574,150600,78343,779,869
6,2015-16,JAMMU AND KASHMIR,LEH (LADAKH),147104,42.96,11812.45,25.48,583,0.37,71.81,80.48,64.52,89.39,45110,9066,5260,176,145
7,2015-16,JAMMU AND KASHMIR,KARGIL,143388,8.89,20404.11,20.18,775,0.01,86.89,74.49,58.05,86.73,14036,15468,8377,229,289
8,2015-16,JAMMU AND KASHMIR,DODA,409576,7.95,71020.48,27.89,922,13.03,9.57,65.97,50.34,80.36,8912,52488,28512,756,533
9,2015-16,JAMMU AND KASHMIR,UDHAMPUR,555357,19.72,82637.12,20.86,863,24.97,10.15,69.9,58.22,79.93,2637,61091,35880,983,557
10,2015-16,JAMMU AND KASHMIR,PUNCH,476820,8.1,84111.05,27.97,890,0.12,36.93,68.69,54.8,81.04,1674,64075,33597,1037,530
11,2015-16,JAMMU AND KASHMIR,RAJAURI,619266,7.09,118527.51,28.14,863,7.5,36.24,68.54,57.2,78.38,2630,81895,43716,1112,634
12,2015-16,JAMMU AND KASHMIR,JAMMU,1526406,49.65,159814.71,12.48,871,24.71,4.52,83.98,77.41,89.77,2342,121628,76166,1078,690
13,2015-16,JAMMU AND KASHMIR,KATHUA,615711,14.38,80165.57,20.38,877,22.91,8.65,73.5,64.56,81.4,2502,61407,37816,989,501
14,2015-16,JAMMU AND KASHMIR,SHOPIAN,265960,5.62,40266.34,25.85,951,0.02,8.2,62.49,52.77,71.86,312,28786,17229,349,209
15,2015-16,JAMMU AND KASHMIR,BANDIPORA,385099,16.89,60306.5,26.31,911,0.1,19.22,57.82,46.24,68.41,345,46005,27160,401,379
16,2015-16,JAMMU AND KASHMIR,KISHTWAR,231037,6.42,39114.56,21.06,917,6.2,16.54,58.54,44.13,71.75,1644,29055,16451,470,324
17,2015-16,JAMMU AND KASHMIR,RAMBAN,283313,4.16,54736.07,31.81,901,4.91,14.02,56.9,40.04,71.97,1329,41326,21287,554,279
18,2015-16,JAMMU AND KASHMIR,GANDERBAL,297003,15.76,50549.91,36.3,869,0.04,20.53,59.99,47.62,70.74,259,37151,21439,372,214
19,2015-16,JAMMU AND KASHMIR,KULGAM,422786,18.77,70309.31,7.3,951,0.01,6.25,60.35,49.74,70.58,410,48981,26493,424,450
20,2015-16,JAMMU AND KASHMIR,REASI,314714,8.49,55798.79,27.06,891,12,28.08,59.42,47.55,69.93,1719,40695,22639,711,389
21,2015-16,JAMMU AND KASHMIR,SAMBA,318611,16.83,38010.29,16.9,886,28.8,5.51,82.48,74.39,89.76,904,27998,17533,317,225
22,2015-16,HIMACHAL PRADESH,CHAMBA,518844,6.98,69421.33,12.58,989,21.52,26.1,73.19,62.14,84.19,6522,51872,32067,1222,47
23,2015-16,HIMACHAL PRADESH,KANGRA,1507223,5.73,160820.69,12.56,1013,21.15,5.6,86.49,80.62,92.55,5739,115686,75483,1806,167
24,2015-16,HIMACHAL PRADESH,LAHUL AND SPITI,31528,,2995.16,-5.1,916,7.08,81.44,77.24,66.5,86.97,13841,2385,1488,201,2
25,2015-16,HIMACHAL PRADESH,KULLU,437474,9.43,50047.03,14.65,950,28.01,3.84,80.14,71.01,88.8,5503,37567,22966,786,73
26,2015-16,HIMACHAL PRADESH,MANDI,999518,6.27,109946.98,10.89,1012,29.38,1.28,82.81,74.33,91.51,3950,81423,52391,1814,108
27,2015-16,HIMACHAL PRADESH,HAMIRPUR (H,454293,6.91,47700.77,10.08,1096,24.03,0.67,89.01,83.44,95.28,1118,34712,22663,534,60
28,2015-16,HIMACHAL PRADESH,UNA,521057,8.62,58202.07,16.24,977,22.16,1.65,87.23,81.67,92.75,1540,42408,27408,519,42
29,2015-16,HIMACHAL PRADESH,BILASPUR (H,382056,6.58,41605.9,12.08,981,25.92,2.8,85.67,78.9,92.39,1167,29136,18326,643,57
30,2015-16,HIMACHAL PRADESH,SOLAN,576670,17.7,66374.72,15.21,884,28.35,4.42,85.02,78.02,91.19,1936,48350,30511,833,63
31,2015-16,HIMACHAL PRADESH,SIRMAUR,530164,10.8,67967.02,15.61,915,30.34,2.13,79.98,72.55,86.76,2825,50339,31434,1055,53
32,2015-16,HIMACHAL PRADESH,SHIMLA,813384,24.77,80769.03,12.58,916,26.51,1.08,84.55,77.8,90.73,5131,62009,39700,1713,118
33,2015-16,HIMACHAL PRADESH,KINNAUR,84298,,7983.02,7.61,818,17.53,57.95,80.77,71.34,88.37,6401,6260,3826,201,8
34,2015-16,PUNJAB,GURDASPUR,2299026,28.5,240937.92,9.3,895,25.26,0,81.06,75.73,85.9,3551,183543,119959,1206,170
35,2015-16,PUNJAB,AMRITSAR,2490891,55.17,266525.34,15.48,884,30.95,0,77.2,72.75,81.2,2683,205882,128455,1026,328
36,2015-16,PUNJAB,KAPURTHALA,817668,34.9,82666.23,8.37,912,33.95,0,80.18,75.36,84.6,1633,62529,41629,572,56
37,2015-16,PUNJAB,JALANDHAR,2181753,53.18,213375.44,11.16,913,38.95,0,82.4,78.31,86.1,2624,164181,107352,1119,231
38,2015-16,PUNJAB,HOSHIARPUR,1582793,21.15,162394.56,6.85,962,35.14,0,85.43,80.78,89.9,3386,121442,80838,1322,139
39,2015-16,PUNJAB,NAWANSHAHR,614362,20.43,60514.66,4.58,954,42.51,0,80.33,74.28,86.2,1282,45151,29818,438,41
40,2015-16,PUNJAB,RUPNAGAR,683349,12.63,69564.93,8.67,913,26.42,0,83.28,77.17,88.9,1356,52150,33919,581,51
41,2015-16,PUNJAB,FATEHGARH SAHIB,599814,30.87,60761.16,11.39,871,32.07,0,80.33,75.53,84.5,1180,45474,29084,469,34
42,2015-16,PUNJAB,LUDHIANA,3487882,59.14,363088.52,15,869,26.39,0,82.54,78.16,86.3,3578,280799,178143,1194,350
43,2015-16,PUNJAB,MOGA,992289,22.55,102602.68,10.9,893,36.5,0,71.59,67.41,75.3,2242,77168,51298,381,63
44,2015-16,PUNJAB,FIROZPUR,2026831,27.25,241395.57,16.08,893,42.17,0,69.85,62.24,76.7,5305,181175,112831,655,60
45,2015-16,PUNJAB,MUKTSAR,902702,27.99,102005.33,16.1,895,42.31,0,66.79,60.03,72.9,2593,75085,46547,376,55
46,2015-16,PUNJAB,FARIDKOT,618008,35.2,66683.06,12.18,889,38.92,0,70.65,64.82,75.9,1458,50013,31824,275,32
47,2015-16,PUNJAB,BATHINDA,1388859,35.99,145413.54,17.37,865,32.44,0,69.57,62.92,75.3,3353,109398,68052,439,103
48,2015-16,PUNJAB,MANSA,768808,21.26,81493.65,11.62,880,33.63,0,62.78,56.41,68.4,2198,61210,39905,309,43
49,2015-16,PUNJAB,SANGRUR,1654408,40.27,175036.37,12.3,883,27.89,0,68.88,62.86,74.2,3625,131199,83592,746,114
50,2015-16,PUNJAB,PATIALA,1892282,53.64,204934.14,19.4,888,24.55,0,76.26,70.47,81.4,3325,154215,95645,1054,163
51,2015-16,PUNJAB,MOHALI,986147,26.02,109265.09,32.02,878,21.74,0,84.87,80.01,89.2,1094,83467,51394,482,128
52,2015-16,PUNJAB,TARAN TARAN,1120070,31.24,129816.11,19.28,898,33.71,0,69.43,62.88,75.4,2414,100430,64205,577,125
53,2015-16,PUNJAB,BARNALA,596294,31.97,62968.65,13.16,876,32.24,0,68.9,64.14,73.1,1482,47135,30839,200,43
54,2015-16,PUNJAB,Fazilka,,,,,,,,,,,0,,,543,152
55,2015-16,PUNJAB,PATHANKOT,,,,,,,,,,,0,,,407,101
56,2015-16,CHANDIGARH,CHANDIGARH,1054686,97.25,117913.89,17.1,818,18.86,0,86.43,81.38,90.54,114,87957,53614,12,29
57,2015-16,UTTARAKHAND,UTTARKASHI,329686,7.35,45002.14,11.75,959,24.41,1.06,75.98,62.23,89.26,8016,35056,22133,924,52
58,2015-16,UTTARAKHAND,CHAMOLI,391114,15.11,50766.6,5.6,1021,20.25,3.13,83.48,73.2,94.18,8030,38145,23960,1093,71
59,2015-16,UTTARAKHAND,RUDRAPRAYAG,236857,4.19,30222.95,4.14,1120,19.68,0.16,82.09,70.94,94.97,1984,23314,15469,672,30
60,2015-16,UTTARAKHAND,TEHRI GARHWAL,616409,11.37,82413.88,1.93,1078,16.5,0.14,75.1,61.77,89.91,3642,62483,40518,1702,93
61,2015-16,UTTARAKHAND,DEHRADUN,1698560,55.9,196353.54,32.48,902,13.49,6.58,85.24,79.61,90.32,3088,149859,93055,1381,319
62,2015-16,UTTARAKHAND,GARHWAL,686527,16.41,82108.63,-1.51,1103,17.8,0.32,82.59,73.26,93.18,5329,61427,40720,1814,120
63,2015-16,UTTARAKHAND,PITHORAGARH,485993,14.31,62887.49,5.13,1021,24.9,4.04,82.93,72.97,93.45,7090,46685,29192,1356,111
64,2015-16,UTTARAKHAND,BAGESHWAR,259840,3.5,34662.66,5.13,1093,27.73,0.76,80.69,69.59,93.2,2241,26538,16022,711,25
65,2015-16,UTTARAKHAND,ALMORA,621927,10.02,77989.65,-1.73,1142,24.26,0.21,81.06,70.44,93.57,3144,58705,37674,1598,94
66,2015-16,UTTARAKHAND,CHAMPAWAT,259315,14.79,36537.48,15.49,981,18.25,0.52,80.73,68.81,92.65,1766,27769,17871,586,32
67,2015-16,UTTARAKHAND,NAINITAL,955128,38.94,122160.87,25.2,933,20.03,0.79,84.85,78.21,91.09,4251,90422,56401,1252,138
68,2015-16,UTTARAKHAND,UDHAM SINGH NAGAR,1648367,35.58,223518.57,33.4,919,14.45,7.46,74.44,65.73,82.48,2542,171235,108212,1272,205
69,2015-16,UTTARAKHAND,HARDWAR,1927029,37.77,284429.48,33.16,879,21.76,0.33,74.62,65.96,82.26,2360,214392,126624,1136,294
70,2015-16,HARYANA,PANCHKULA,558890,54.87,65166.57,19.32,870,18.14,0,83.44,77.48,88.65,898,47718,30067,301,47
71,2015-16,HARYANA,AMBALA,1136784,44.38,123568.42,12.06,882,26.26,0,82.89,76.64,88.47,1574,91412,56693,547,91
72,2015-16,HARYANA,YAMUNANAGAR,1214162,38.94,143149.7,16.56,877,25.26,0,78.93,71.99,85.06,1768,104733,65452,638,65
73,2015-16,HARYANA,KURUKSHETRA,964231,28.93,115322.03,16.81,889,22.3,0,76.7,69.18,83.46,1530,83701,50768,549,71
74,2015-16,HARYANA,KAITHAL,1072861,21.97,135180.49,13.39,880,23.04,0,70.56,60.69,79.33,2317,98610,60627,439,101
75,2015-16,HARYANA,KARNAL,1506323,30.27,194466.3,18.22,886,22.56,0,76.44,68.29,83.73,2520,138652,84191,607,184
76,2015-16,HARYANA,PANIPAT,1202811,45.97,164785.11,24.33,861,17.11,0,77.46,68.23,85.45,1268,123965,73260,288,126
77,2015-16,HARYANA,SONIPAT,1480080,30.52,187970.16,15.71,853,18.62,0,80.83,70.88,89.4,2122,136200,83039,536,153
78,2015-16,HARYANA,JIND,1332042,22.82,164640.39,11.95,870,21.16,0,72.73,61.58,82.49,2702,121965,77423,474,82
79,2015-16,HARYANA,FATEHABAD,941522,19.04,118443.47,16.79,903,30.19,0,69.13,59.29,78.1,2538,87705,54276,461,89
80,2015-16,HARYANA,SIRSA,1295114,24.75,153471.01,15.98,896,29.91,0,70.35,61.16,78.64,4277,114700,71051,594,103
81,2015-16,HARYANA,HISAR,1742815,31.73,211229.18,13.38,871,23.44,0,73.24,62.31,82.79,3983,157014,98432,587,186
82,2015-16,HARYANA,BHIWANI,1629109,19.8,206082.29,14.32,884,20.87,0,76.74,64.8,87.39,4778,154583,94783,737,120
83,2015-16,HARYANA,ROHTAK,1058683,42.02,125453.94,12.61,868,20.44,0,80.37,71.19,88.42,1745,93572,58150,274,68
84,2015-16,HARYANA,JHAJJAR,956907,25.39,116168.51,8.73,861,17.79,0,80.83,70.96,89.44,1834,86857,51846,357,84
85,2015-16,HARYANA,MAHENDRAGARH,921680,14.43,109956.42,13.43,894,16.95,0,78.87,65.25,91.28,1899,80266,50901,521,60
86,2015-16,HARYANA,REWARI,896129,25.82,112195.35,17.09,898,20.28,0,82.23,70.54,92.92,1594,81555,49226,466,53
87,2015-16,HARYANA,GURGAON,1514085,68.82,197890.91,73.93,853,13.07,0,84.44,77.64,90.27,1258,145143,83437,424,106
88,2015-16,HARYANA,FARIDABAD,1798954,79.44,238001.61,31.75,871,12.37,0,83.04,75.17,89.94,741,185456,110648,295,222
89,2015-16,HARYANA,MEWAT,1089406,11.38,243155.42,37.94,906,6.91,0,56.14,37.58,72.98,1507,181013,100911,500,80
90,2015-16,HARYANA,PALWAL,1040493,22.65,171681.35,25.49,879,19.48,0,70.32,56.4,82.6,1359,130641,75374,399,144
91,2015-16,DELHI,NORTH WEST DELHI,3651261,32.44,443263.09,27.63,862,19.07,0,84.66,78.76,89.74,443,335119,204644,561,174
92,2015-16,DELHI,NORTH DELHI,883418,17.79,100886.34,13.04,871,18.66,0,86.81,81.92,91.06,61,76530,47102,187,35
93,2015-16,DELHI,NORTH EAST DELHI,2240749,36.44,296227.02,26.73,886,16.67,0,82.8,76.51,88.39,62,225144,135527,430,235
94,2015-16,DELHI,EAST DELHI,1707725,17.91,189557.48,16.68,883,16.46,0,88.75,84.55,92.47,63,142725,87409,331,91
95,2015-16,DELHI,NEW DELHI,133713,-25.35,11552.8,-25.35,811,23.41,0,89.38,84.83,93.04,35,9085,6175,24,4
96,2015-16,DELHI,CENTRAL DELHI,578671,-10.48,60413.25,-10.48,892,24.59,0,85.25,82.6,87.6,21,45742,27598,114,5
97,2015-16,DELHI,WEST DELHI,2531583,23.65,282777.82,18.91,876,14.8,0,87.12,82.5,91.17,130,211942,129215,361,119
98,2015-16,DELHI,SOUTH WEST DELHI,2292363,40.44,262704.8,30.62,836,13.89,0,88.81,83.07,93.62,421,193779,116810,301,115
99,2015-16,DELHI,SOUTH DELHI,2733752,29.22,323129.49,20.59,859,15.48,0,87.03,80.99,92.2,247,246043,150238,446,126
100,2015-16,RAJASTHAN,GANGANAGAR,1969520,27.2,252295.51,10.06,887,36.59,0.68,70.25,60.07,79.33,10978,187904,119237,1127,1183
101,2015-16,RAJASTHAN,HANUMANGARH,1779650,19.71,232956.19,17.24,906,27.85,0.81,68.37,56.91,78.82,9656,168621,109118,383,889
102,2015-16,RAJASTHAN,BIKANER,2367745,33.95,394466.32,41.42,903,20.88,0.33,65.92,53.77,76.9,30239,301459,176306,1502,1124
103,2015-16,RAJASTHAN,CHURU,2041172,28.24,313932.25,6.1,938,22.15,0.55,67.46,54.25,79.95,13835,236482,142243,549,1117
104,2015-16,RAJASTHAN,JHUNJHUNUN,2139658,22.91,285430.38,11.81,950,16.88,1.95,74.72,61.15,87.88,5928,214951,131642,729,993
105,2015-16,RAJASTHAN,ALWAR,3671999,17.82,580543.04,22.7,894,17.77,7.87,71.68,56.78,85.08,8380,432430,253532,1446,2072
106,2015-16,RAJASTHAN,BHARATPUR,2549121,19.41,430801.45,21.32,877,21.87,2.12,71.16,54.63,85.7,5066,323154,183499,808,1316
107,2015-16,RAJASTHAN,DHAULPUR,1207293,20.51,215622.53,22.78,845,20.36,4.86,70.14,55.45,82.53,3033,162479,93385,673,649
108,2015-16,RAJASTHAN,KARAULI,1458459,14.99,239478.97,20.57,858,24.31,22.28,67.34,49.18,82.96,5524,179356,105510,856,742
109,2015-16,RAJASTHAN,SAWAI MADHOPUR,1338114,19.9,198843.74,19.79,894,20.87,21.4,66.19,47.8,82.72,4498,149291,92901,674,676
110,2015-16,RAJASTHAN,Dausa,1637226,12.38,256880.76,24.31,904,21.68,26.51,69.17,52.33,84.54,3432,191176,116892,903,911
111,2015-16,RAJASTHAN,JAIPUR,6663971,52.51,914296.82,26.91,909,15.14,7.97,76.44,64.63,87.27,11143,696382,422642,2438,3268
112,2015-16,RAJASTHAN,SIKAR,2677737,23.65,375686.5,17.04,944,15.64,2.81,72.98,58.76,86.66,7732,282734,172919,880,1315
113,2015-16,RAJASTHAN,NAGAUR,3309234,19.17,498701.56,19.25,948,21.16,0.32,64.08,48.63,78.9,17718,374543,231099,1845,1756
114,2015-16,RAJASTHAN,JODHPUR,3685681,34.3,593026.07,27.69,915,16.49,3.23,67.09,52.57,80.46,22850,451275,269211,2521,2038
115,2015-16,RAJASTHAN,JAISALMER,672008,13.28,130369.55,32.22,849,14.8,6.33,58.04,40.23,73.09,38401,98543,54685,1043,445
116,2015-16,RAJASTHAN,BARMER,2604453,7,499273.64,32.55,900,16.76,6.77,57.49,41.03,72.32,28387,375398,210279,3499,1754
117,2015-16,RAJASTHAN,JALOR,1830151,8.3,313870.9,26.31,951,19.53,9.77,55.58,38.73,71.83,10640,237489,138444,1223,1087
118,2015-16,RAJASTHAN,SIROHI,1037185,20.13,171654.12,21.86,938,19.48,28.22,56.02,40.12,71.09,5136,129979,73866,601,433
119,2015-16,RAJASTHAN,PALI,2038533,22.56,292937.19,11.99,987,19.54,7.1,63.23,48.35,78.16,12387,224607,135266,840,1366
120,2015-16,RAJASTHAN,AJMER,2584913,40.09,374812.39,18.48,950,18.51,2.46,70.46,56.42,83.93,8481,280416,165058,1083,1331
121,2015-16,RAJASTHAN,TONK,1421711,22.36,201029.94,17.33,949,20.26,12.54,62.46,46.01,78.27,7194,153379,92521,970,1007
122,2015-16,RAJASTHAN,BUNDI,1113725,19.94,158037.58,15.7,922,18.97,20.57,62.31,47,76.52,5776,117986,71706,820,702
123,2015-16,RAJASTHAN,BHILWARA,2410459,21.29,356265.84,19.7,969,16.94,9.52,62.71,47.93,77.16,10455,270071,158654,1889,1633
124,2015-16,RAJASTHAN,RAJSAMAND,1158283,15.93,173974.11,17.35,988,12.81,13.9,63.93,48.44,79.52,4655,132141,78103,1061,829
125,2015-16,RAJASTHAN,UDAIPUR,3067549,19.85,499090.22,23.66,958,6.14,49.71,62.74,49.1,75.91,11724,373407,215222,3041,1367
126,2015-16,RAJASTHAN,DUNGARPUR,1388906,6.39,239586.29,25.39,990,3.76,70.83,60.78,46.98,74.66,3770,181413,102587,1870,712
127,2015-16,RAJASTHAN,BANSWARA,1798194,7.11,321337.27,26.58,979,4.46,76.38,57.2,43.47,70.8,4522,241681,136519,2357,755
128,2015-16,RAJASTHAN,CHITTAURGARH,1544392,18.47,209419.56,16.09,970,16.2,13.05,62.51,46.98,77.74,7822,159859,94671,1124,977
129,2015-16,RAJASTHAN,KOTA,1950491,60.3,248492.55,24.35,906,20.78,9.42,77.48,66.32,87.63,5217,187475,110764,650,940
130,2015-16,RAJASTHAN,BARAN,1223921,20.79,179549.21,19.8,926,18.09,22.64,67.38,52.48,81.23,6992,137248,79850,1047,699
131,2015-16,RAJASTHAN,JHALAWAR,1411327,16.26,204077.88,19.57,945,17.26,12.91,62.13,47.06,76.47,6219,156185,93268,928,904
132,2015-16,RAJASTHAN,PRATAPGARH (RAJ,868231,8.26,148727.97,22.84,982,6.96,63.42,56.3,42.4,70.13,4449,112734,63805,1197,438
133,2015-16,UTTAR PRADESH,SAHARANPUR,3464228,30.71,505430.87,19.59,887,22.05,0.03,72.03,63.3,79.77,3689,387754,235557,2646,265
134,2015-16,UTTAR PRADESH,MUZAFFARNAGAR,4138605,28.76,630309.54,16.8,886,13.55,0.01,70.11,60,79.11,4008,490104,296032,1784,281
135,2015-16,UTTAR PRADESH,BIJNOR,3683896,25.13,549268.89,17.64,913,21.38,0.08,70.43,61.45,78.7,4561,427328,263024,3261,239
136,2015-16,UTTAR PRADESH,MORADABAD,4773138,33.01,763224.77,25.25,903,15.33,0.01,58.67,49.63,66.83,3718,596139,365921,1989,499
137,2015-16,UTTAR PRADESH,RAMPUR,2335398,25.21,370160.58,21.4,905,13.18,0.02,55.08,46.19,63.1,2367,288518,180947,2091,98
138,2015-16,UTTAR PRADESH,JYOTIBA PHULE NAGAR,1838771,24.83,291261.33,22.66,907,17.28,0.01,65.7,53.77,76.53,2249,227441,138975,1684,230
139,2015-16,UTTAR PRADESH,MEERUT,3447405,51.13,488152.55,15.01,885,18.12,0.1,74.8,65.69,82.91,2559,376978,218933,1670,305
140,2015-16,UTTAR PRADESH,BAGHPAT,1302156,21.05,189073.05,11.87,858,11.44,0,73.54,61.22,84.17,1321,146395,87473,703,74
141,2015-16,UTTAR PRADESH,GHAZIABAD,4661452,67.46,663324.62,41.66,878,16.52,0.09,85,81.42,88.16,1179,504940,298680,900,365
142,2015-16,UTTAR PRADESH,GAUTAM BUDDHA NAGAR,1674714,59.56,245178.13,39.32,852,13.11,0.13,82.2,72.78,90.23,1282,183240,105943,838,231
143,2015-16,UTTAR PRADESH,BULANDSHAHR,3498507,24.8,537720.53,20.09,892,20.74,0.01,70.23,56.6,82.52,4512,411587,240770,2513,177
144,2015-16,UTTAR PRADESH,ALIGARH,3673849,33.11,555485.97,22.78,876,20.56,0.02,69.61,57.48,80.24,3650,437135,262538,2546,187
145,2015-16,UTTAR PRADESH,HATHRAS,1565678,21.31,240331.57,17.19,870,24.77,0.02,73.1,60.79,83.83,1840,190652,111747,1479,55
146,2015-16,UTTAR PRADESH,MATHURA,2541894,29.66,396789.65,22.53,858,19.89,0.06,72.65,58.93,84.39,3340,303652,180464,2098,170
147,2015-16,UTTAR PRADESH,AGRA,4380793,45.87,639157.7,21,859,22.43,0.16,69.44,59.16,78.32,4041,513000,311180,3048,366
148,2015-16,UTTAR PRADESH,FIROZABAD,2496761,33.33,370019.98,21.62,867,18.97,0.1,74.6,64.8,83.08,2407,295716,183236,1971,306
149,2015-16,UTTAR PRADESH,ETAH,1761152,15.24,277733.67,12.77,863,15.84,0.01,73.27,61.72,83.21,2431,217308,134537,1896,130
150,2015-16,UTTAR PRADESH,MAINPURI,1847194,15.39,275601.34,15.69,876,19.71,0.03,78.26,68.35,86.93,2760,215387,136059,2320,71
151,2015-16,UTTAR PRADESH,BUDAUN,3712738,17.37,647501.51,20.96,859,16.91,0,52.91,41.76,62.39,5168,503747,297684,2268,153
152,2015-16,UTTAR PRADESH,BAREILLY,4465344,34.99,669801.6,23.4,883,12.53,0.07,60.52,50.35,69.47,4120,533322,331825,2753,449
153,2015-16,UTTAR PRADESH,PILIBHIT,2037225,17.43,297027.41,23.83,889,16.42,0.08,63.58,52.43,73.46,3686,235216,150713,1596,158
154,2015-16,UTTAR PRADESH,SHAHJAHANPUR,3002376,19.7,488486.58,17.84,865,17.72,0.02,61.61,51.73,70.09,4388,383380,236169,2992,188
155,2015-16,UTTAR PRADESH,KHERI,4013634,11.49,644589.62,25.14,887,26.4,1.33,62.71,52.62,71.58,7680,508686,313787,3302,95
156,2015-16,UTTAR PRADESH,SITAPUR,4474446,11.84,732914.25,23.62,879,32.26,0.04,63.38,52.8,72.61,5743,570369,345577,3786,85
157,2015-16,UTTAR PRADESH,HARDOI,4091380,13.22,662803.56,20.39,856,31.14,0.01,68.89,59.17,77.2,5986,493668,310401,3799,95
158,2015-16,UTTAR PRADESH,UNNAO,3110595,17.14,417130.79,15.19,901,30.52,0.09,68.29,58.54,77.06,4558,334600,213114,3057,133
159,2015-16,UTTAR PRADESH,LUCKNOW,4588455,66.2,521707.33,25.79,906,20.66,0.16,79.33,73.88,84.27,2528,415978,268351,2761,646
160,2015-16,UTTAR PRADESH,RAE BARELI,3404004,9.05,460902.14,18.51,941,30.26,0.05,69.04,58.06,79.39,4609,374534,241066,2460,48
161,2015-16,UTTAR PRADESH,FARRUKHABAD,1887577,22,292763.19,20.2,874,16.59,0.01,70.57,60.51,79.34,2181,230443,137012,1663,134
162,2015-16,UTTAR PRADESH,KANNAUJ,1658005,16.92,251519.36,19.37,879,18.71,0,74.01,64.46,82.36,2093,196720,121648,1586,63
163,2015-16,UTTAR PRADESH,ETAWAH,1579160,23.2,220292.82,17.95,867,24.55,0.01,79.99,71.16,87.64,2311,172094,104656,1944,102
164,2015-16,UTTAR PRADESH,AURAIYA,1372287,17.07,193904.15,16.3,864,28.39,0.01,80.25,71.97,87.37,2016,153272,95205,1564,34
165,2015-16,UTTAR PRADESH,KANPUR DEHAT,1795092,9.66,,14.82,862,25.64,0.05,77.52,68.48,85.27,3021,192708,116621,1814,28
166,2015-16,UTTAR PRADESH,KANPUR NAGAR,4572951,65.93,484732.81,9.72,852,17.83,0.08,81.31,76.89,85.07,3155,388907,253964,2886,241
167,2015-16,UTTAR PRADESH,JALAUN,1670718,25.06,219365.27,14.87,865,27.7,0.05,75.16,63.88,84.89,4565,178869,105657,1611,271
168,2015-16,UTTAR PRADESH,JHANSI,2000755,41.78,249094,14.66,885,28.15,0.19,76.37,64.88,86.58,5024,197752,118302,1432,333
169,2015-16,UTTAR PRADESH,LALITPUR,1218002,14.38,205964.14,24.57,905,19.69,5.86,64.95,52.26,76.41,5039,159999,91601,1262,83
170,2015-16,UTTAR PRADESH,HAMIRPUR (U,1104021,18.96,148601.23,5.78,860,21.84,0.04,70.16,57.19,81.27,4021,119475,75496,1168,43
171,2015-16,UTTAR PRADESH,MAHOBA,876055,21.19,124750.23,23.66,880,25.22,0.07,66.94,54.65,77.72,3144,98872,62530,831,99
172,2015-16,UTTAR PRADESH,BANDA,1799541,15.35,289726.1,17.06,863,21.56,0.01,68.11,54.95,79.38,4408,226585,136789,1619,118
173,2015-16,UTTAR PRADESH,CHITRAKOOT,990626,9.73,171477.36,29.29,879,26.89,0.04,66.52,54.03,77.42,3216,136318,79433,1110,76
174,2015-16,UTTAR PRADESH,FATEHPUR,2632684,12.25,377000.35,14.05,900,24.75,0.01,68.78,57.76,78.69,4152,302359,191401,2503,177
175,2015-16,UTTAR PRADESH,PRATAPGARH,3173752,5.54,427504.39,16.2,994,22.1,0.02,73.1,60.99,85.29,3717,355572,239448,2973,46
176,2015-16,UTTAR PRADESH,KAUSHAMBI,1596909,7.79,263489.99,23.49,905,34.72,0.01,63.69,50.76,75.35,1779,211589,129653,1200,37
177,2015-16,UTTAR PRADESH,ALLAHABAD,5959798,24.78,832583.78,20.74,902,22,0.13,74.41,62.67,85,5482,679031,432825,3189,495
178,2015-16,UTTAR PRADESH,BARABANKI,3257983,10.14,504335.77,21.86,908,26.52,0.02,63.76,54.1,72.49,4402,396332,245891,2486,216
179,2015-16,UTTAR PRADESH,FAIZABAD,2468371,13.89,347052.96,18.16,961,22.46,0.04,70.63,60.72,80.21,2341,276755,178388,2291,92
180,2015-16,UTTAR PRADESH,AMBEDKAR NAGAR,2398709,11.74,324545.33,18.35,976,24.65,0.03,74.37,64.62,83.95,2350,263646,177061,2113,163
181,2015-16,UTTAR PRADESH,Sultanpur,3790922,5.28,539448.2,17.92,978,22.43,0.02,71.14,60.17,81.99,4436,437759,281577,2195,118
182,2015-16,UTTAR PRADESH,BAHRAICH,3478257,8.26,635477.55,46.08,891,14.6,0.32,51.1,40.76,60.23,5237,504284,291547,2802,114
183,2015-16,UTTAR PRADESH,SHRAWASTI,1114615,3.45,202637.01,-5.25,875,16.95,0.5,49.13,37.07,59.55,1640,162843,92956,1065,13
184,2015-16,UTTAR PRADESH,BALRAMPUR (U,2149066,7.74,385327.53,27.74,922,12.9,1.16,51.76,40.92,61.66,3349,307873,186694,1770,117
185,2015-16,UTTAR PRADESH,GONDA,3431386,6.56,545933.51,24.07,922,15.49,0.03,61.16,49.13,72.23,4003,441967,280575,2846,224
186,2015-16,UTTAR PRADESH,SIDDHARTHNAGAR,2553526,6.28,465763.14,25.17,970,15.97,0.47,61.81,49.61,73.79,2895,378048,219623,2130,143
187,2015-16,UTTAR PRADESH,BASTI,2461056,5.61,372357.77,18.05,959,20.86,0.15,69.69,58.35,80.65,2688,304989,193184,2120,80
188,2015-16,UTTAR PRADESH,SANT KABIR NAGAR,1714300,7.47,272059.41,20.71,969,21.52,0.09,69.01,56.99,80.72,1646,223248,137594,1277,77
189,2015-16,UTTAR PRADESH,MAHARAJGANJ,2665292,5.06,402192.56,22.61,938,18.36,0.61,64.3,50.14,77.62,2952,331845,216030,1963,87
190,2015-16,UTTAR PRADESH,GORAKHPUR,4436275,18.78,595348.11,17.69,944,21.08,0.41,73.25,61.54,84.38,3321,491751,317600,2788,200
191,2015-16,UTTAR PRADESH,KUSHINAGAR,3560830,4.72,551572.57,23.08,955,15.27,2.25,67.66,54.74,80.1,2905,441417,284918,2710,221
192,2015-16,UTTAR PRADESH,DEORIA,3098637,10.23,445274.14,14.23,1013,15.11,3.54,73.53,61.34,86.07,2540,363087,237843,2478,69
193,2015-16,UTTAR PRADESH,AZAMGARH,4616509,8.52,680935.08,17.17,1017,25.39,0.2,72.69,62.65,83.08,4054,559105,358062,3423,147
194,2015-16,UTTAR PRADESH,MAU,2205170,22.66,327467.75,18.94,978,21.51,1.04,75.16,65.59,84.61,1713,271464,175135,1472,66
195,2015-16,UTTAR PRADESH,BALLIA,3223642,9.43,448730.97,16.73,933,15.27,3.4,73.82,61.72,85.19,2981,373589,243215,2421,93
196,2015-16,UTTAR PRADESH,JAUNPUR,4476072,7.45,643211.55,14.43,1018,22.04,0.11,73.66,61.7,86.06,4038,527859,345014,3603,204
197,2015-16,UTTAR PRADESH,GHAZIPUR,3622727,7.56,538699.5,19.26,951,20.07,0.79,74.27,62.29,85.77,3377,439208,276868,3415,122
198,2015-16,UTTAR PRADESH,CHANDAULI,1952713,12.55,304232.69,18.83,913,22.88,2.14,73.86,63.07,83.58,2541,243965,146379,1228,80
199,2015-16,UTTAR PRADESH,VARANASI,3682194,43.43,478317,17.32,909,13.24,0.78,77.05,68.2,85.12,1535,385968,248486,1370,269
200,2015-16,UTTAR PRADESH,SAMBHAL (BHIM NAGAR),,,,,,,,,,,0,,,1405,124
201,2015-16,UTTAR PRADESH,MIRZAPUR,2494533,13.89,392140.59,17.89,900,26.48,0.81,70.38,58.77,80.83,4405,317640,184211,2054,81
202,2015-16,UTTAR PRADESH,SONBHADRA,1862612,16.89,309007.33,27.27,913,22.64,20.67,66.18,54.11,77.19,6905,251818,146009,2033,117
203,2015-16,UTTAR PRADESH,BHADOI,1554203,14.73,244009.87,14.81,950,22.37,0.12,71.1,57.79,83.87,1015,201040,120153,1027,72
204,2015-16,UTTAR PRADESH,KANSHIRAM NAGAR,1438156,20.05,244917.97,17.05,879,17.7,0.01,62.3,50.2,72.91,1955,187193,109097,1398,49
205,2015-16,UTTAR PRADESH,AMETHI - CSM NAGAR,,,,,,,,,,,0,,,1681,64
206,2015-16,UTTAR PRADESH,SHAMLI (PRABUDH NAGAR),,,,,,,,,,,0,,,1015,87
207,2015-16,UTTAR PRADESH,HAPUR (PANCHSHEEL NAGAR),,,,,,,,,,,0,,,611,105
208,2015-16,BIHAR,PASHCHIM CHAMPARAN,3922780,10.04,753566.04,28.89,906,14.08,6.35,58.06,46.79,68.16,5228,609570,349476,1688,1074
209,2015-16,BIHAR,PURBA CHAMPARAN,5082868,7.85,993700.69,29.01,901,12.74,0.24,58.26,47.36,68.02,3968,797706,455758,2017,1456
210,2015-16,BIHAR,SHEOHAR,656916,4.28,124945.42,27.32,890,14.73,0.05,56,47.25,63.72,349,98879,55630,243,209
211,2015-16,BIHAR,SITAMARHI,3419622,5.58,643914.82,27.47,899,11.85,0.09,53.53,43.4,62.56,2294,507812,292056,1235,993
212,2015-16,BIHAR,MADHUBANI,4476044,3.68,779279.26,25.19,925,13.09,0.09,60.9,48.3,72.53,3501,624796,382672,2010,1122
213,2015-16,BIHAR,SUPAUL,2228397,4.74,424509.63,28.62,925,15.89,0.46,59.65,46.63,71.65,2425,335041,201991,1108,725
214,2015-16,BIHAR,ARARIA,2806200,6.01,564046.2,30,921,13.61,1.38,55.1,45.18,64.15,2830,442336,255114,1380,838
215,2015-16,BIHAR,KISHANGANJ,1690948,9.68,341909.69,30.44,946,6.69,3.8,57.04,47.98,65.56,1884,268480,149020,835,813
216,2015-16,BIHAR,PURNIA,3273127,10.41,644151.39,28.66,930,11.98,4.27,52.49,43.19,61.09,3229,499990,284823,1422,995
217,2015-16,BIHAR,KATIHAR,3068149,8.91,601664.02,28.23,916,8.57,5.86,53.56,45.37,60.99,3057,468886,266969,1152,891
218,2015-16,BIHAR,MADHEPURA,1994618,4.42,397527.37,30.65,914,17.3,0.63,53.78,42.75,63.82,1788,311322,181120,786,756
219,2015-16,BIHAR,SAHARSA,1897102,8.18,377523.3,25.79,906,16.69,0.32,54.57,42.73,65.22,1687,299728,168468,803,607
220,2015-16,BIHAR,DARBHANGA,3921971,9.69,700856.22,19,910,15.64,0.07,58.26,46.88,68.58,2279,554167,326435,1567,1079
221,2015-16,BIHAR,MUZAFFARPUR,4778610,9.83,817620.17,27.54,898,15.66,0.13,65.68,56.82,73.61,3172,645305,377336,1715,1496
222,2015-16,BIHAR,GOPALGANJ,2558037,6.32,436912.72,18.83,1015,12.49,2.37,67.04,56.03,78.38,2033,351340,215195,1140,817
223,2015-16,BIHAR,SIWAN,3318176,5.49,532899.07,22.25,984,11.61,2.61,71.59,60.35,82.77,2219,428140,267752,1299,1105
224,2015-16,BIHAR,SARAN,3943098,8.93,657314.44,21.37,949,12,0.93,68.57,56.89,79.71,2641,534620,320634,1549,1164
225,2015-16,BIHAR,VAISHALI,3495249,6.65,591745.66,28.58,892,21.12,0.07,68.56,59.1,77,2036,453664,266079,1175,1038
226,2015-16,BIHAR,SAMASTIPUR,4254782,3.46,784156.32,25.33,909,18.85,0.04,63.81,53.52,73.09,2904,604852,356259,1731,1056
227,2015-16,BIHAR,BEGUSARAI,2954367,19.19,532376.93,25.75,894,14.55,0.05,66.23,57.1,74.36,1918,415781,251374,863,837
228,2015-16,BIHAR,KHAGARIA,1657599,5.26,347101.23,29.46,883,14.83,0.04,60.87,52.16,68.51,1486,263805,146428,558,515
229,2015-16,BIHAR,BHAGALPUR,3032226,19.79,532155.66,25.13,879,10.49,2.21,64.96,56.49,72.3,2569,424975,245791,965,947
230,2015-16,BIHAR,BANKA,2029339,3.52,362642.88,26.14,907,12.18,4.44,60.12,49.4,69.76,3020,289445,167194,1228,884
231,2015-16,BIHAR,MUNGER,1359054,28.3,220982.18,19.45,879,13.44,1.57,73.3,65.53,80.06,1419,178525,103393,663,506
232,2015-16,BIHAR,LAKHISARAI,1000717,14.29,182230.57,24.74,900,15.31,0.83,64.95,54.89,73.98,1228,147306,83783,496,334
233,2015-16,BIHAR,SHEIKHPURA,634927,17.14,118223.41,20.82,926,20.6,0.1,65.96,54.93,76.14,689,95346,54293,297,268
234,2015-16,BIHAR,NALANDA,2872523,15.93,500968.01,21.18,921,21.12,0.05,66.41,54.76,77.11,2355,405410,237005,1466,1081
235,2015-16,BIHAR,PATNA,5772804,43.48,905752.95,22.34,892,15.77,0.16,72.47,63.72,80.28,3202,725497,430016,2281,1481
236,2015-16,BIHAR,BHOJPUR,2720155,14.29,440937.13,21.27,900,15.59,0.51,72.79,60.2,84.08,2395,359884,215983,1247,878
237,2015-16,BIHAR,BUXAR,1707643,9.61,286884.02,21.77,922,14.75,1.57,71.77,59.84,82.78,1703,229572,135633,738,480
238,2015-16,BIHAR,KAIMUR (BHABUA),1626900,4.02,291865.86,27.54,919,22.69,3.57,71.01,59.56,81.49,3332,234644,136865,638,612
239,2015-16,BIHAR,ROHTAS,2962593,14.43,492975.48,20.22,914,18.57,1.07,75.59,64.95,85.29,3881,395385,238825,1412,1034
240,2015-16,BIHAR,JEHANABAD,1124176,11.95,193920.36,21.34,918,19.81,0.11,68.27,56.24,79.3,931,156323,92745,562,377
241,2015-16,BIHAR,AURANGABAD (BIHAR),2511243,9.38,437960.78,24.75,916,24.1,0.04,72.77,62.05,82.52,3305,354669,206511,1138,1122
242,2015-16,BIHAR,GAYA,4379383,13.14,762450.58,26.08,932,30.39,0.07,66.35,55.9,76.02,4976,606698,357723,1721,1406
243,2015-16,BIHAR,NAWADA,2216653,9.72,367299.4,22.49,936,25.47,0.09,61.63,51.09,71.4,2494,314437,190345,1020,828
244,2015-16,BIHAR,JAMUI,1756078,8.24,313459.92,25.54,921,17.19,4.48,62.16,49.44,73.77,3098,254707,143939,902,868
245,2015-16,BIHAR,ARWAL,699563,7.36,123682.74,19.01,927,20.16,0.08,69.54,56.85,81.27,638,99374,56709,355,220
246,2015-16,SIKKIM,NORTH SIKKIM,43354,10.72,4478.47,5.66,769,2.25,65.7,77.39,69.92,83.03,4226,3464,2560,71,28
247,2015-16,SIKKIM,WEST SIKKIM,136299,3.84,14952,10.58,941,4.35,42.38,78.69,72.12,84.86,1166,11981,8955,209,86
248,2015-16,SIKKIM,SOUTH SIKKIM,146742,14.37,15070.4,11.57,914,4.12,28.19,82.06,76.57,87.06,750,11867,8848,215,98
249,2015-16,SIKKIM,EAST SIKKIM,281293,42.93,26582.19,14.79,872,5.4,27.66,84.67,79.41,89.22,954,20928,14540,211,133
250,2015-16,ARUNACHAL PRADESH,TAWANG,49950,12.23,5629.37,28.33,701,0,69.65,60.61,48.75,68.54,2172,4290,2844,87,49
251,2015-16,ARUNACHAL PRADESH,WEST KAMENG,87013,10.34,11407.4,16.64,755,0,55.25,69.4,60.8,75.66,7422,8399,5337,136,90
252,2015-16,ARUNACHAL PRADESH,EAST KAMENG,78413,17.95,13996.72,37.14,1012,0,92.01,62.48,54.18,70.95,4134,11177,7302,210,70
253,2015-16,ARUNACHAL PRADESH,PAPUM PARE,176385,12.45,23670.87,44.57,950,0,66.38,82.14,76.65,87.33,3462,18589,12123,213,136
254,2015-16,ARUNACHAL PRADESH,LOWER SUBANSIRI,82839,10.97,9990.38,48.65,975,0,87.81,76.33,70.1,82.4,3508,7782,5601,158,109
255,2015-16,ARUNACHAL PRADESH,UPPER SUBANSIRI,83205,12.4,11315.88,50.34,982,0,93.86,63.96,60.51,67.36,7032,9640,6528,166,95
256,2015-16,ARUNACHAL PRADESH,WEST SIANG,112272,10.73,13854.36,8.04,916,0,82.64,67.62,60.76,73.89,8325,11051,7721,178,88
257,2015-16,ARUNACHAL PRADESH,EAST SIANG,99019,10.93,12119.93,13.3,962,0,70.53,73.54,67.9,78.94,3603,9604,6260,83,69
258,2015-16,ARUNACHAL PRADESH,UPPER SIANG,35289,12.51,4626.39,5.77,891,0,80.6,59.94,55.22,64.09,6590,3842,2394,74,26
259,2015-16,ARUNACHAL PRADESH,DIBANG VALLEY,7948,11.64,1103.98,9.3,808,0,71.23,64.8,59.1,69.39,9129,790,519,14,13
260,2015-16,ARUNACHAL PRADESH,LOHIT,145538,12.57,23606.26,16.44,901,0,32.53,69.88,61.62,77.25,5212,17883,10842,62,31
261,2015-16,ARUNACHAL PRADESH,CHANGLANG,147951,11.5,25477.16,17.96,914,0,36.35,61.9,52.08,70.8,4662,19078,11071,235,92
262,2015-16,ARUNACHAL PRADESH,TIRAP,111997,12.08,19319.48,11.63,931,0,87.85,52.23,41.83,61.87,2362,14950,9246,88,40
263,2015-16,ARUNACHAL PRADESH,KURUNG KUMEY,89717,18.74,15538.98,111.01,1029,0,98.58,50.67,44.31,57.28,6040,13210,8534,122,61
264,2015-16,ARUNACHAL PRADESH,LOWER DIBANG VALLEY,53986,9.75,7714.6,7.01,919,0,48.03,70.38,63.56,76.62,3900,6014,3879,74,37
265,2015-16,ARUNACHAL PRADESH,Anjaw,21089,8.02,3389,13.77,805,0,77.72,59.4,46.39,69.54,6190,2520,1613,60,34
266,2015-16,ARUNACHAL PRADESH,LONGDING,,,,,,,,,,,,,,67,24
267,2015-16,ARUNACHAL PRADESH,NAMSAI,,,,,,,,,,,,,,142,69
268,2015-16,ARUNACHAL PRADESH,KRA DADI,,,,,,,,,,,,,,106,53
269,2015-16,ARUNACHAL PRADESH,SIANG,,,,,,,,,,,,,,88,30
270,2015-16,NAGALAND,MON,250671,13.85,39505.75,-3.83,898,0,95.22,56.6,52.39,60.38,1786,29926,19200,162,84
271,2015-16,NAGALAND,TUENSANG,196801,18.72,34833.78,5.81,930,0,97.11,73.7,70.4,76.76,2536,26657,16544,124,72
272,2015-16,NAGALAND,MOKOKCHUNG,193171,28.81,19780.71,-16.77,927,0,91.68,92.68,91.74,93.55,1615,15996,11093,138,66
273,2015-16,NAGALAND,ZUNHEBOTO,141014,19.58,20376.52,-8.79,981,0,97.02,86.26,83.61,88.86,1255,15289,10196,126,104
274,2015-16,NAGALAND,WOKHA,166239,21.05,19666.07,3.11,969,0,94.16,87.6,84.58,90.53,1628,15598,10298,108,56
275,2015-16,NAGALAND,DIMAPUR,379769,51.95,48306.62,23.23,916,0,59.13,85.44,82.54,88.07,927,37555,24233,144,174
276,2015-16,NAGALAND,KOHIMA,270063,45.6,35216.22,22.66,927,0,83.86,85.58,81.56,89.28,1463,26921,17565,129,52
277,2015-16,NAGALAND,PHEK,163294,15.07,28053.91,10.19,951,0,96.16,79.13,73.5,84.53,2026,20641,12734,122,56
278,2015-16,NAGALAND,LONGLENG,74033,22.28,14377.21,-30.54,961,0,96.3,71.1,65.44,75.6,562,6570,3798,62,29
279,2015-16,NAGALAND,KIPHIRE,50593,15.04,8944.84,-58.39,903,0,96.52,73.1,70.35,76.54,1130,10705,6419,72,41
280,2015-16,NAGALAND,PEREN,94954,15.59,17965.3,4.61,917,0,88.47,79,73.57,83.96,1651,11606,7210,78,52
281,2015-16,MANIPUR,SENAPATI,354972,2.1,45436.42,25.16,939,0.37,79.76,75,68.8,80.85,3271,19905,12947,625,114
282,2015-16,MANIPUR,TAMENGLONG,140143,11.22,18078.45,25.69,953,0.02,95.72,70.4,63.76,76.74,4391,14752,9096,331,33
283,2015-16,MANIPUR,CHURACHANDPUR,271274,6.4,34478.93,19.03,969,0.16,92.94,84.29,80.13,88.34,4570,27330,16442,351,134
284,2015-16,MANIPUR,BISHNUPUR,240363,36.73,29829.05,15.36,1000,9.32,1.39,76.35,67.29,85.52,496,22698,14101,183,94
285,2015-16,MANIPUR,THOUBAL,420517,35.48,66946.31,15.48,1006,9.62,0.43,76.66,67.57,85.9,514,44193,27622,275,144
286,2015-16,MANIPUR,IMPHAL WEST,514683,61.9,58262.12,15.82,1029,3.19,4.66,86.7,80.71,92.93,519,42460,26651,258,129
287,2015-16,MANIPUR,IMPHAL EAST,452661,40.28,60747.11,14.63,1011,3.47,6.06,82.81,75.92,89.86,709,41588,26233,373,124
288,2015-16,MANIPUR,UKHRUL,183115,14.32,22962.62,30.07,948,0.14,94.35,81.87,77.47,86.05,4544,17902,11784,270,62
289,2015-16,MANIPUR,CHANDEL,144028,11.74,16491.21,21.72,932,0.38,88.97,70.85,63.26,77.93,3313,12741,8280,285,36
290,2015-16,MIZORAM,MAMIT,85757,17.27,14818.81,36.59,924,0.06,95.04,85.96,81.37,90.15,3025,10661,6126,184,15
291,2015-16,MIZORAM,KOLASIB,83054,56.22,12707.26,25.92,956,0.1,87.68,94.54,93.53,95.5,1382,9457,5512,116,21
292,2015-16,MIZORAM,AIZAWL,404054,77.42,52324.99,24.07,1009,0.16,93.31,98.5,98,99.01,3576,35815,22187,308,163
293,2015-16,MIZORAM,CHAMPHAI,125370,38.46,22065.12,15.66,981,0.01,98.19,93.51,92.2,94.8,3185,14263,8707,163,69
294,2015-16,MIZORAM,SERCHHIP,64875,49.3,9082.5,20.45,976,0.05,96.85,98.76,98.28,99.24,1421,6451,4100,83,26
295,2015-16,MIZORAM,LUNGLEI,154094,39.9,23591.79,12.29,944,0.11,95.11,89.4,85.85,92.74,4536,17221,10942,319,54
296,2015-16,MIZORAM,LAWNGTLAI,117444,17.79,21797.61,59.53,945,0.12,95.3,66.41,57.62,74.68,2557,15650,9057,268,29
297,2015-16,MIZORAM,SAIHA,56366,44.47,9153.84,-7.68,978,0.15,96.59,88.41,85.8,91,1399,6369,3859,120,12
298,2015-16,TRIPURA,WEST TRIPURA,1724619,39.27,184706.69,12.5,964,19.59,25.03,88.91,84.76,92.91,2993,141103,85605,338,155
299,2015-16,TRIPURA,SOUTH TRIPURA,875144,14.06,108780.4,14.03,957,16,39.37,85.41,79.64,90.94,3057,83605,50271,341,162
300,2015-16,TRIPURA,DHALAI,377988,10.71,54430.27,22.78,945,16.31,55.68,86.82,80.83,92.45,2400,40725,24920,543,246
301,2015-16,TRIPURA,NORTH TRIPURA,693281,17.34,96158.07,17.32,967,16.57,25.86,88.29,84.69,91.77,2036,72198,41491,242,162
302,2015-16,TRIPURA,SEPAHIJALA,,,,,,,,,,,0,,,328,149
303,2015-16,TRIPURA,KHOWAI,,,,,,,,,,,0,,,267,119
304,2015-16,TRIPURA,GOMATI,,,,,,,,,,,0,,,300,187
305,2015-16,TRIPURA,UNAKOTI,,,,,,,,,,,0,,,209,81
306,2015-16,MEGHALAYA,WEST GARO HILLS,642923,11.68,112125.77,24.02,979,1.37,73.69,68.38,63.34,73.31,3677,81049,47664,1481,38
307,2015-16,MEGHALAYA,EAST GARO HILLS,317618,13.93,57075.95,26.75,968,0.16,95.99,75.51,71.32,79.56,2603,42273,24355,560,3
308,2015-16,MEGHALAYA,SOUTH GARO HILLS,142574,9.15,27402.72,41.19,944,0.22,94.31,72.39,67.72,76.77,1887,19690,10649,700,3
309,2015-16,MEGHALAYA,WEST KHASI HILLS,385601,11.15,86644.54,30.25,981,0.04,97.82,79.3,78.3,80.29,5247,60535,32804,1299,11
310,2015-16,MEGHALAYA,RI BHOI,258380,9.74,51546.81,34.02,951,0.23,88.89,77.22,75.85,78.52,2448,36548,21144,799,28
311,2015-16,MEGHALAYA,EAST KHASI HILLS,824059,44.42,134404.02,24.68,1008,0.68,80.05,84.7,84.15,85.26,2748,97851,56147,1572,50
312,2015-16,MEGHALAYA,JAINTIA HILLS,392852,7.25,86663.15,31.34,1008,0.33,95.19,63.26,66.71,59.75,3819,63035,34037,803,12
313,2015-16,MEGHALAYA,NORTH GARO HILLS,,,,,,,,,,,,,,532,10
314,2015-16,MEGHALAYA,EAST JAINTIA HILLS,,,,,,,,,,,,,,487,17
315,2015-16,MEGHALAYA,SOUTH WEST KHASI HILLS,,,,,,,,,,,,,,598,0
316,2015-16,MEGHALAYA,SOUTH WEST GARO HILLS,,,,,,,,,,,,,,531,11
317,2015-16,ASSAM,KOKRAJHAR,886999,6.17,131896.75,5.19,958,3.33,31.41,66.63,59.54,73.44,3296,104575,61922,2208,50
318,2015-16,ASSAM,DHUBRI,1948632,10.36,358938.01,24.4,952,3.61,0.33,59.36,54.26,64.2,2176,275468,156443,2989,142
319,2015-16,ASSAM,GOALPARA,1008959,13.66,165771.96,22.74,962,4.47,22.97,68.67,64.53,72.67,1824,127413,73900,1812,92
320,2015-16,ASSAM,BONGAIGAON,732639,13.76,113778.84,19.58,961,11.21,2.55,70.44,65.18,75.48,1093,82824,52237,1006,54
321,2015-16,ASSAM,BARPETA,1693190,8.7,280561.58,21.4,951,5.63,1.62,65.03,59.04,70.72,2282,217256,130257,2282,132
322,2015-16,ASSAM,KAMRUP-RURAL,1517202,9.36,194960.46,15.67,946,7.11,12,72.81,67.69,77.64,3105,148027,95261,2166,115
323,2015-16,ASSAM,NALBARI,769919,10.72,90619.47,11.74,945,7.8,3.03,79.89,73.85,85.58,1052,71641,45176,1142,71
324,2015-16,ASSAM,DARRANG,908090,6.1,149653.23,19.51,923,4.34,0.91,64.55,60.4,68.36,1585,114635,72324,1188,71
325,2015-16,ASSAM,MORIGAON,957853,7.65,159099.38,23.39,974,12.31,14.29,69.37,64.99,73.66,1551,124726,74107,1372,62
326,2015-16,ASSAM,NAGAON,2826006,13.03,446226.35,22.09,962,9.43,4.08,73.78,69.21,78.19,3973,347286,207966,3011,121
327,2015-16,ASSAM,SONITPUR,1925975,8.89,267325.33,15.67,946,5.67,12.07,69.96,62.53,76.98,5204,212316,129491,2432,72
328,2015-16,ASSAM,LAKHIMPUR,1040644,8.77,150893.38,17.06,965,7.85,23.93,78.39,71.91,84.66,2277,118840,71844,2129,88
329,2015-16,ASSAM,DHEMAJI,688077,7.04,99702.36,20.3,949,6.45,47.45,69.07,62.13,75.66,3237,79784,48567,1551,52
330,2015-16,ASSAM,TINSUKIA,1316948,19.97,175022.39,14.51,948,2.84,6.18,70.92,63.54,77.89,3790,137909,85796,1326,52
331,2015-16,ASSAM,DIBRUGARH,1327748,18.36,154948.19,12.04,952,4.44,7.76,76.22,69.52,82.59,3381,121083,77838,1611,62
332,2015-16,ASSAM,SIBSAGAR,1150253,9.55,133889.45,9.37,951,3.68,4.26,81.36,75.69,86.75,2668,100618,67258,1971,102
333,2015-16,ASSAM,JORHAT,1091295,20.12,117532.47,9.21,956,8.12,12.82,83.42,78.22,88.38,2851,92978,59549,1982,76
334,2015-16,ASSAM,GOLAGHAT,1058674,9.24,128417.16,11.88,961,5.84,10.48,78.31,72.18,84.2,3502,99687,64213,1441,78
335,2015-16,ASSAM,KARBI ANGLONG,965280,11.82,183885.84,18.69,956,4.7,56.34,73.52,64.62,82.12,10434,113105,68915,1960,80
336,2015-16,ASSAM,DIMA HASAO,213529,28.67,31751.76,13.53,931,2.03,70.92,78.99,72.15,85.34,4888,23851,14366,790,18
337,2015-16,ASSAM,CACHAR,1736319,18.2,246904.56,20.17,958,15.25,1.01,80.36,74.62,85.85,3786,189943,113445,2328,131
338,2015-16,ASSAM,KARIMGANJ,1217002,9.06,203239.33,20.74,961,12.85,0.16,79.72,73.49,85.7,1809,154769,90261,2422,118
339,2015-16,ASSAM,HAILAKANDI,659260,7.31,109569.01,21.44,946,10.72,0.11,75.26,68.54,81.61,1327,82602,49293,2688,51
340,2015-16,ASSAM,BAKSA,953773,1.28,117409.46,11.17,967,7.69,34.84,70.53,62.23,78.55,2457,91475,60024,1720,63
341,2015-16,ASSAM,CHIRANG,481818,7.37,70200.88,11.26,969,7.29,37.06,64.71,57.87,71.35,1923,55870,34579,1015,25
342,2015-16,ASSAM,UDALGURI,832769,4.51,109259.29,9.76,966,4.55,32.15,66.6,59.17,73.79,2012,83385,54881,1387,34
343,2015-16,ASSAM,KAMRUP-METRO,1260419,82.9,120496.06,18.95,922,8.12,5.99,88.66,85.82,91.26,955,91058,59129,600,29
344,2015-16,WEST BENGAL,DARJILING,1842034,38.99,180150.93,14.47,971,17.18,21.52,79.92,73.74,85.94,3149,144908,99968,1452,26
345,2015-16,WEST BENGAL,JALPAIGURI,3869675,27,445012.63,13.77,954,37.65,18.89,73.79,66.65,80.61,6227,344365,218042,2231,47
346,2015-16,WEST BENGAL,KOCH BIHAR,2822780,10.25,332241.21,13.86,942,50.17,0.64,75.49,69.08,81.52,3387,257917,108205,2956,14
347,2015-16,WEST BENGAL,UTTAR DINAJPUR,3000849,12.07,469932.95,22.9,936,26.87,5.41,60.13,53.15,66.65,3140,373572,233772,2719,29
348,2015-16,WEST BENGAL,DAKSHIN DINAJPUR,1670931,14.13,178455.43,11.16,954,28.8,16.43,73.86,67.81,79.63,2219,141733,96763,1952,20
349,2015-16,WEST BENGAL,MALDAH,3997970,13.8,590100.37,21.5,939,20.94,7.87,62.71,57.84,67.27,3733,461268,282445,3466,103
350,2015-16,WEST BENGAL,MURSHIDABAD,7102430,19.78,979425.1,21.07,957,12.64,1.28,67.53,63.88,71.02,5324,757347,467998,5467,129
351,2015-16,WEST BENGAL,BIRBHUM,3502387,12.8,433245.27,16.15,956,29.5,6.92,70.9,64.07,77.42,4545,340805,203789,3393,47
352,2015-16,WEST BENGAL,BARDDHAMAN,7723663,39.87,788585.99,12.01,943,27.41,6.34,77.15,70.47,83.44,7024,623649,390190,5569,107
353,2015-16,WEST BENGAL,NADIA,5168488,27.81,505994.98,12.24,947,29.94,2.72,75.58,71.35,79.58,3927,388454,258806,3656,58
354,2015-16,WEST BENGAL,NORTH TWENTY FOUR PARGANAS,10082852,57.59,902415.25,12.86,949,21.67,2.64,84.95,81.05,88.66,4094,705207,472575,5877,114
355,2015-16,WEST BENGAL,HUGLI,5520389,38.6,504563.55,9.49,958,24.35,4.15,82.55,76.95,87.93,3149,395419,253107,3516,45
356,2015-16,WEST BENGAL,BANKURA,3596292,8.36,405302.11,12.64,954,32.65,10.25,70.95,60.44,81,6882,316815,192496,4249,18
357,2015-16,WEST BENGAL,PURULIYA,2927965,12.75,393518.5,15.43,955,19.38,18.45,65.38,51.29,78.85,6259,310415,181938,3641,39
358,2015-16,WEST BENGAL,HAORA,4841638,63.3,497236.22,13.31,935,14.82,0.31,83.85,79.73,87.69,1467,385203,240028,2845,84
359,2015-16,WEST BENGAL,KOLKATA,4486679,100,300158.83,-1.88,899,5.38,0.24,87.14,84.98,89.08,185,253862,172057,1798,150
360,2015-16,WEST BENGAL,SOUTH  TWENTY FOUR PARGANAS,8153176,25.61,976750.48,18.05,949,30.19,1.19,78.57,72.09,84.72,9960,764734,480254,5907,191
361,2015-16,WEST BENGAL,PURBA MEDINIPUR,5094238,12.03,565969.84,15.32,936,14.63,0.55,87.66,81.81,93.14,4713,429568,276836,5388,49
362,2015-16,WEST BENGAL,PASCHIM MEDINIPUR,5943300,11.65,663272.28,14.44,960,19.08,14.88,79.04,71.11,86.66,9368,504154,317897,7973,51
363,2015-16,WEST BENGAL,SILIGURI,509709,,48269.44,8,951,,,85.46,81.94,,0,,,1066,52
364,2015-16,WEST BENGAL,ALIPURDUAR,,,,,,,,,,,,,,1582,66
365,2015-16,JHARKHAND,GARHWA,1322387,5.27,233665.78,27.71,933,24.19,15.56,62.18,49.43,74,4093,185066,108276,1079,508
366,2015-16,JHARKHAND,PALAMU,1936319,11.66,316588.16,25.94,929,27.65,9.34,65.5,53.87,76.27,4393,254380,153855,1408,1324
367,2015-16,JHARKHAND,CHATRA,1042304,6.03,188657.02,28.98,951,32.66,4.37,62.14,51.91,71.85,3718,150504,88354,1246,738
368,2015-16,JHARKHAND,HAZARIBAG,1734005,15.88,273452.59,25.75,946,17.5,7.02,70.48,59.25,81.15,3555,213877,128661,1041,609
369,2015-16,JHARKHAND,KODARMA,717169,19.71,128516.68,32.59,949,15.22,0.96,68.35,54.77,81.25,2540,101130,56201,489,397
370,2015-16,JHARKHAND,GIRIDIH,2445203,8.5,450406.39,28.33,943,13.31,9.74,65.12,50.33,79.08,4962,352959,197107,2288,1469
371,2015-16,JHARKHAND,DEOGHAR,1491879,17.31,262869.08,28.02,921,12.74,12.13,66.34,52.39,79.13,2477,201555,111921,1504,713
372,2015-16,JHARKHAND,GODDA,1311382,4.91,234868.52,25.14,933,8.8,21.26,57.68,44.9,69.56,2266,184920,102363,1133,680
373,2015-16,JHARKHAND,SAHIBGANJ,1150038,13.86,216437.15,23.96,948,6.29,26.8,53.73,44.31,62.65,2063,165130,94721,1044,571
374,2015-16,JHARKHAND,PAKAUR,899200,7.5,175344,28.15,985,3.16,42.1,50.17,41.23,59.02,1811,125048,73302,681,459
375,2015-16,JHARKHAND,DUMKA,1321096,6.82,212960.68,19.39,974,6.03,43.22,62.54,49.6,75.17,3761,167088,94249,1755,831
376,2015-16,JHARKHAND,DHANBAD,2682662,58.13,367524.69,11.91,908,16.29,8.68,75.71,64.7,85.68,2040,285505,174894,1360,829
377,2015-16,JHARKHAND,BOKARO,2061918,47.69,284338.49,15.99,916,14.51,12.4,73.48,61.46,84.5,2883,220067,136329,1373,793
378,2015-16,JHARKHAND,RANCHI,2912022,43.18,388172.53,23.9,950,5.25,35.76,77.13,68.2,85.63,5097,303249,187553,1909,1061
379,2015-16,JHARKHAND,LOHARDAGA,461738,12.43,75678.86,26.67,985,3.32,56.9,68.29,57.86,78.62,1502,59900,36908,482,246
380,2015-16,JHARKHAND,GUMLA,1025656,6.43,168207.58,23.21,993,3.17,68.94,66.92,56.97,76.87,5360,133116,79235,1272,627
381,2015-16,JHARKHAND,PASHCHIMI SINGHBHUM,1501619,14.53,254073.93,21.69,1004,3.79,67.32,59.54,47.01,72.18,7224,193075,113150,1663,668
382,2015-16,JHARKHAND,PURBI SINGHBHUM,2291032,55.55,286379,15.53,949,4.86,28.51,76.13,67.33,84.51,3562,222511,131353,1493,813
383,2015-16,JHARKHAND,JAMTARA,790207,9.62,128487.66,21,959,9.21,30.4,63.73,50.08,76.85,1811,98202,56360,765,447
384,2015-16,JHARKHAND,SARAIKELA-KHARSAWAN,1063458,24.29,153563.34,25.28,958,5.28,35.18,68.85,56.19,81.01,2657,118883,70799,1154,573
385,2015-16,JHARKHAND,SIMDEGA,599813,7.16,91291.54,16.62,1000,7.45,70.78,67.59,59.38,75.84,3774,71105,40849,756,369
386,2015-16,JHARKHAND,LATEHAR,725673,7.05,132725.59,29.38,964,21.31,45.54,61.23,50.26,71.8,4291,106368,59901,878,435
387,2015-16,JHARKHAND,KHUNTI,530299,8.51,83309.97,21.96,994,4.52,73.25,64.51,53.71,75.33,2535,65466,37898,727,325
388,2015-16,JHARKHAND,RAMGARH,949159,44.13,130604.28,13.06,921,11.2,21.19,73.92,63.49,83.51,1341,102814,62988,510,299
389,2015-16,ODISHA,BARGARH,,,,,,,,,65.84,84.28,5837,117938,68481,1033,638
390,2015-16,ODISHA,JHARSUGUDA,,,,,,,,,70.05,86.27,2114,47299,28514,410,259
391,2015-16,ODISHA,SAMBALPUR,,,,,,,,,68.47,85.17,6624,86777,52831,936,480
392,2015-16,ODISHA,DEOGARH,312164,7.61,38614.69,13.88,976,16.68,35.33,73.07,63.36,82.62,2940,29409,17696,370,211
393,2015-16,ODISHA,SUNDERGARH,2080664,35.5,249055.48,13.66,971,9.16,50.75,74.13,65.93,82.13,9712,186399,124326,1802,790
394,2015-16,ODISHA,KEONJHAR,1802777,14.04,253470.45,15.42,987,11.62,45.45,69,58.7,79.22,8303,190338,115325,1775,798
395,2015-16,ODISHA,MAYURBHANJ,2513895,7.67,337867.49,13.06,1005,7.33,58.72,63.98,53.18,74.92,10418,190338,115325,2897,1221
396,2015-16,ODISHA,BALASORE,2317419,10.92,274382.41,14.47,957,20.62,11.88,80.66,72.95,88.06,3806,212273,136678,1628,805
397,2015-16,ODISHA,BHADRAK,439917,12.33,59080.85,17.82,991,22.23,2.02,72.51,60.44,89.92,2505,134734,83297,1154,604
398,2015-16,ODISHA,KENDRAPARA,1439891,5.8,153492.38,10.59,1006,21.51,0.66,85.93,79.51,92.45,2644,116471,74723,1218,619
399,2015-16,ODISHA,JAGATSINGHPUR,1136604,10.2,103544.62,7.47,967,21.83,0.69,87.13,80.88,93.2,1668,78807,52368,1010,497
400,2015-16,ODISHA,CUTTACK,2618708,27.94,251134.1,11.86,955,19,3.57,84.2,77.64,90.51,3932,192144,124601,1579,870
401,2015-16,ODISHA,JAJPUR,1826275,7.39,207282.21,12.43,972,23.72,8.29,80.44,73.37,87.36,2899,154234,96296,1387,756
402,2015-16,ODISHA,DHENKANAL,1192948,9.83,132655.82,11.82,947,19.62,13.59,79.41,71.4,87.08,4452,100425,63145,896,584
403,2015-16,ODISHA,ANGUL,1271703,16.23,145737.16,11.55,942,18.81,14.1,78.96,70.44,87.06,6375,109523,69902,970,577
404,2015-16,ODISHA,NAYAGARH,962215,8.29,101321.24,11.3,916,14.17,6.1,79.17,71.08,86.63,3890,77317,51090,774,381
405,2015-16,ODISHA,KHORDHA,2246341,48.11,222163.12,19.65,925,13.21,5.11,87.51,82.06,92.55,2813,167936,113339,1050,695
406,2015-16,ODISHA,PURI,1697983,15.63,164364.75,13,963,19.14,0.36,85.37,78.67,91.84,3479,122397,84585,1316,659
407,2015-16,ODISHA,GANJAM,3520151,21.78,397777.06,11.37,981,19.5,3.37,71.88,61.84,81.85,8206,302724,209124,2409,1164
408,2015-16,ODISHA,GAJAPATI,575880,12.25,82753.96,10.99,1042,6.78,54.29,54.29,43.59,65.58,4325,63681,43454,876,503
409,2015-16,ODISHA,KANDHAMAL,731952,9.86,106352.63,12.92,1037,15.76,53.58,65.12,52.46,78.41,8021,78912,55955,1229,711
410,2015-16,ODISHA,BOUDH,1506522,4.65,176865.68,12.95,981,23.79,12.55,83.25,76.49,84.49,3098,45217,27723,532,273
411,2015-16,ODISHA,SONEPUR,652107,7.66,76557.36,20.35,959,25.6,9.37,74.42,63.63,84.78,2337,54366,31987,606,332
412,2015-16,ODISHA,BOLANGIR,1648574,11.96,206896.04,23.29,983,17.88,21.05,65.5,53.77,77.08,6575,157698,92861,1333,840
413,2015-16,ODISHA,NUAPADA,606490,5.61,84908.6,14.28,1020,13.46,33.8,58.2,45.21,71.55,3852,64906,38972,593,421
414,2015-16,ODISHA,KALAHANDI,1573054,7.75,214092.65,17.79,1003,18.17,28.5,60.22,47.27,73.34,7920,162870,101446,1657,684
415,2015-16,ODISHA,RAYAGADA,961959,15.36,141119.39,15.74,1048,14.41,55.99,50.88,39.87,62.61,7073,112714,76803,1514,618
416,2015-16,ODISHA,NABARANGPUR,1218762,7.2,201948.86,18.81,1018,14.53,55.79,48.2,37.22,59.45,5291,152347,94431,1228,588
417,2015-16,ODISHA,KORAPUT,1376934,16.37,215490.17,16.63,1031,14.25,50.56,49.87,38.92,61.29,8807,165517,105258,1695,810
418,2015-16,ODISHA,MALKANGIRI,612727,7.97,105634.13,21.53,1016,22.55,57.83,49.49,38.95,60.29,5791,81077,50385,883,409
419,2015-16,CHHATTISGARH,KORIYA,659039,31.19,93254.02,12.4,971,8.31,46.18,71.41,61.01,81.52,6604,71343,41543,993,82
420,2015-16,CHHATTISGARH,SURGUJA,2361329,10.38,371909.32,19.74,976,4.9,55.11,61.16,50.88,71.23,15732,287025,167481,1419,87
421,2015-16,CHHATTISGARH,JASHPUR,852043,8.92,120052.86,14.65,1004,5.74,62.28,68.6,59.05,78.24,5838,90174,52084,1806,56
422,2015-16,CHHATTISGARH,RAIGARH (CHHATTISGARH),1493627,16.49,191333.62,18.02,993,15.06,33.84,73.7,63.25,84.17,7086,143806,87164,2056,139
423,2015-16,CHHATTISGARH,KORBA,1206563,36.98,168436.19,19.25,971,10.33,40.9,73.22,62.26,83.88,6598,126607,73690,1549,107
424,2015-16,CHHATTISGARH,JANJGIR - CHAMPA,1620632,13.9,219109.45,23.01,986,24.57,11.56,73.7,61.72,85.59,3853,169328,102673,1619,248
425,2015-16,CHHATTISGARH,BILASPUR (CHHATTISGARH),2662077,25.5,400642.59,33.21,972,20.76,18.71,71.59,60.12,82.77,8272,300546,182066,1794,273
426,2015-16,CHHATTISGARH,KAWARDHA,822239,10.62,140767.32,40.66,997,14.57,20.31,61.95,48.94,74.99,4235,103691,61355,1063,54
427,2015-16,CHHATTISGARH,RAJNANDGAON,1537520,17.73,206335.18,19.82,1017,10.19,26.36,76.97,66.98,87.19,8070,151916,95771,1919,142
428,2015-16,CHHATTISGARH,DURG,3343079,38.41,421227.95,18.95,988,13.7,11.89,79.69,70.51,88.8,8535,310605,193965,719,195
429,2015-16,CHHATTISGARH,RAIPUR,4062160,36.49,569514.83,34.65,983,17.82,11.72,76.43,66.21,86.5,12383,423006,168594,989,334
430,2015-16,CHHATTISGARH,MAHASAMUND,1032275,11.64,131408.61,20,1018,13.52,27.1,71.54,60.37,83.01,4790,97201,58334,1373,76
431,2015-16,CHHATTISGARH,DHAMTARI,799199,18.66,100539.23,13.11,1012,7.33,25.96,78.95,69.24,88.84,4084,73423,45819,948,67
432,2015-16,CHHATTISGARH,KANKER,748593,10.25,97466.81,15,1007,4.21,55.38,70.97,61.08,80.98,7161,74581,47039,1637,60
433,2015-16,CHHATTISGARH,BASTER,1411644,13.7,212875.92,17.83,1024,2.69,65.93,54.94,44.49,65.7,10470,158302,98317,1647,36
434,2015-16,CHHATTISGARH,DANTEWADA,532791,18.04,76455.51,11.9,1022,2.44,76.88,42.67,32.88,52.69,8298,61961,43874,610,46
435,2015-16,CHHATTISGARH,KONDAGAON,,,,,,,,,,,0,,,1239,25
436,2015-16,CHHATTISGARH,NARAYANPUR,,,,,,,,,,58.97,4653,18150,12395,435,17
437,2015-16,CHHATTISGARH,MUNGELI,,,,,,,,,,,0,,,694,54
438,2015-16,CHHATTISGARH,BIJAPUR,,,,,,,,,,51.42,8530,33380,24578,793,77
439,2015-16,CHHATTISGARH,SUKMA,,,,,,,,,,,0,,,701,46
440,2015-16,CHHATTISGARH,BALOD,,,,,,,,,,,0,,,868,65
441,2015-16,CHHATTISGARH,BEMETARA,,,,,,,,,,,0,,,796,52
442,2015-16,CHHATTISGARH,BALODABAZAR,,,,,,,,,,,0,,,1250,125
443,2015-16,CHHATTISGARH,GARIABAND,,,,,,,,,,,0,,,1015,30
444,2015-16,CHHATTISGARH,BALRAMPUR,,,,,,,,,,,0,,,1444,58
445,2015-16,CHHATTISGARH,SURAJPUR,,,,,,,,,,,0,,,1450,107
446,2015-16,MADHYA PRADESH,SHEOPUR,687952,15.6,115575.94,22.96,902,15.76,23.47,58.02,44.45,70.3,6606,85786,50800,936,137
447,2015-16,MADHYA PRADESH,MORENA,1965137,23.9,298700.82,23.38,839,21.44,0.87,72.07,57.64,84.2,4989,224714,133435,2183,440
448,2015-16,MADHYA PRADESH,BHIND,1703562,25.4,241905.8,19.25,838,22.01,0.36,76.59,63.96,87.2,4459,182201,108900,1806,703
449,2015-16,MADHYA PRADESH,GWALIOR,2030543,62.7,253817.88,24.41,862,19.34,3.55,77.93,68.29,86.3,4560,192313,121761,1559,747
450,2015-16,MADHYA PRADESH,DATIA,786375,23.2,109306.13,18.4,875,25.46,1.91,73.5,60.21,85.2,2902,81316,51217,915,159
451,2015-16,MADHYA PRADESH,SHIVPURI,1725818,17.1,281308.33,22.74,877,18.63,13.2,63.73,49.47,76.2,10066,211411,130469,2363,321
452,2015-16,MADHYA PRADESH,GUNA,1240938,25.2,201031.96,26.91,910,15.56,15.37,65.1,52.53,76.6,6390,155961,95649,1697,335
453,2015-16,MADHYA PRADESH,TIKAMGARH,1444920,17.3,223962.6,20.11,901,25.02,4.7,62.57,50.71,73.3,5048,171373,104724,1816,217
454,2015-16,MADHYA PRADESH,CHHATARPUR,1762857,22.6,278531.41,19.54,884,23,4.18,64.9,54.34,74.2,8687,209381,130438,2097,452
455,2015-16,MADHYA PRADESH,PANNA,1016028,12.3,160532.42,18.62,907,20.46,16.81,66.08,55.55,75.6,7135,120614,75528,1688,272
456,2015-16,MADHYA PRADESH,SAGAR,2378295,29.8,351987.66,17.62,896,21.09,9.33,77.52,67.71,86.3,10252,260186,160229,2341,386
457,2015-16,MADHYA PRADESH,DAMOH,1263703,19.8,187028.04,16.58,913,19.49,13.15,70.92,59.9,81,7306,141600,87197,1574,158
458,2015-16,MADHYA PRADESH,SATNA,2228619,21.3,320921.14,19.17,927,17.88,14.36,73.79,63.42,83.4,7502,246179,157443,2841,603
459,2015-16,MADHYA PRADESH,REWA,2363744,16.7,340379.14,19.79,930,16.22,13.19,73.42,62.49,83.7,6314,264506,162603,3793,795
460,2015-16,MADHYA PRADESH,UMARIA,643579,17.2,99754.75,24.73,953,9.02,46.64,67.34,56.06,78.1,4076,76339,45890,818,59
461,2015-16,MADHYA PRADESH,SHAHDOL,1064989,20.6,154423.41,17.27,968,8.42,44.65,68.36,58.16,78.3,6205,115958,70299,1689,147
462,2015-16,MADHYA PRADESH,SIDHI,1126515,8.3,189254.52,23.66,952,11.55,27.8,66.09,55.23,76.5,4851,142457,86140,1753,335
463,2015-16,MADHYA PRADESH,NEEMUCH,825958,29.7,105722.62,13.76,959,13.46,8.65,71.81,57.25,85.9,4256,79006,51729,977,233
464,2015-16,MADHYA PRADESH,MANDSAUR,1339832,20.7,174178.16,13.19,966,18.58,2.47,72.75,58.3,86.8,5535,129154,86212,1393,433
465,2015-16,MADHYA PRADESH,RATLAM,1454483,29.9,212354.52,19.67,973,13.65,28.17,68.03,56.45,79.4,4861,160977,99522,1752,303
466,2015-16,MADHYA PRADESH,UJJAIN,1986597,39.2,264217.4,16.11,954,26.37,2.45,73.55,61.4,85.2,6091,200794,125410,1626,586
467,2015-16,MADHYA PRADESH,SHAJAPUR,1512353,19.4,213241.77,17.17,939,23.4,2.5,70.17,56.36,83.2,6195,164277,105397,1011,336
468,2015-16,MADHYA PRADESH,DEWAS,1563107,28.9,223524.3,19.48,941,18.67,17.44,70.53,58.27,82.1,7020,170235,104676,1644,536
469,2015-16,MADHYA PRADESH,JHABUA,1024091,9,207890.47,30.58,989,1.7,87,44.45,34.29,54.7,3600,160792,92591,2030,100
470,2015-16,MADHYA PRADESH,DHAR,2184672,18.9,349547.52,25.53,961,6.65,55.94,60.57,49.69,71.1,8153,264966,162043,3391,493
471,2015-16,MADHYA PRADESH,INDORE,3272335,74.1,409041.88,32.71,924,16.64,6.64,82.32,74.89,89.2,3898,298804,185438,1290,1319
472,2015-16,MADHYA PRADESH,KHARGONE,1872413,16,293968.84,22.81,963,11.16,38.98,63.98,53.68,74,8025,221376,137440,2837,332
473,2015-16,MADHYA PRADESH,BARWANI,1385659,14.7,260503.89,27.55,981,6.35,69.43,50.23,43.07,57.3,5427,192955,117222,2493,112
474,2015-16,MADHYA PRADESH,KHANDWA,1309443,19.8,202963.67,21.44,944,11.95,35.05,67.53,56.54,77.9,7352,154438,93033,1284,160
475,2015-16,MADHYA PRADESH,RAJGARH,1546541,17.9,225794.99,23.32,955,19.13,3.48,62.68,49.79,75.1,6153,172711,110167,2065,485
476,2015-16,MADHYA PRADESH,VIDISHA,1458212,23.3,230397.5,20.03,897,20.03,4.63,72.08,61.67,81.4,7371,177302,112686,1977,316
477,2015-16,MADHYA PRADESH,BHOPAL,2368145,80.8,293649.98,28.46,911,15.08,2.93,82.26,76.57,87.4,2772,225095,137352,1107,1044
478,2015-16,MADHYA PRADESH,SEHORE,1311008,18.9,195340.19,21.51,918,20.69,11.1,71.11,58.86,82.4,6578,144504,91666,1470,472
479,2015-16,MADHYA PRADESH,RAISEN,1331699,22.8,203749.95,18.36,899,16.96,15.4,74.26,65.09,82.5,8466,152685,95294,1887,287
480,2015-16,MADHYA PRADESH,BETUL,1575247,19.6,207932.6,12.91,970,10.11,42.34,70.14,61.63,78.4,10043,154333,96962,2125,145
481,2015-16,MADHYA PRADESH,HARDA,570302,20.9,82123.49,20.21,932,16.28,27.99,74.04,64.3,83.1,3334,61731,37843,606,105
482,2015-16,MADHYA PRADESH,HOSHANGABAD,1240975,31.4,161326.75,14.45,912,16.52,15.89,76.52,67.04,85.2,6703,118184,75874,1243,230
483,2015-16,MADHYA PRADESH,KATNI,1291684,20.4,188585.86,21.38,948,12.05,24.59,73.62,62.47,84.2,4950,140981,89127,1428,190
484,2015-16,MADHYA PRADESH,JABALPUR,2460714,58.5,287903.54,14.39,925,14.13,15.23,82.47,75.3,89.1,5211,216493,134661,1815,432
485,2015-16,MADHYA PRADESH,NARSIMHAPUR,1092141,18.6,139794.05,14.04,917,16.87,13.36,76.79,67.64,85.2,5133,101607,64743,1287,156
486,2015-16,MADHYA PRADESH,DINDORI,704218,4.6,106336.92,21.26,1004,5.65,64.7,65.47,53.49,77.6,7470,81846,45719,1487,64
487,2015-16,MADHYA PRADESH,MANDLA,1053522,12.4,144332.51,17.81,1005,4.59,57.88,68.28,57.2,79.5,5800,110253,66340,2148,70
488,2015-16,MADHYA PRADESH,CHHINDWARA,2090306,24.4,267559.17,13.03,966,11.11,36.82,72.21,63.38,80.8,11815,197338,126082,2800,294
489,2015-16,MADHYA PRADESH,SEONI,1378876,11.9,176496.13,18.2,984,9.48,37.69,73.01,64.14,81.8,8758,132954,86063,2264,195
490,2015-16,MADHYA PRADESH,BALAGHAT,1701156,14.4,207541.03,13.56,1021,7.37,22.51,78.29,69.71,87.1,9229,152492,101706,2105,245
491,2015-16,MADHYA PRADESH,ASHOKNAGAR,844979,18.2,136886.6,22.65,900,20.8,9.71,67.9,54.18,80.2,4674,102989,65024,1142,157
492,2015-16,MADHYA PRADESH,ANUPPUR,749521,27.4,102684.38,12.35,975,9.93,47.85,69.08,57.89,80.1,3747,77374,46903,1215,118
493,2015-16,MADHYA PRADESH,BURHANPUR,756993,34.4,120361.89,19.23,951,8.48,30.36,65.28,57.12,73.1,3427,90094,52738,563,72
494,2015-16,MADHYA PRADESH,ALIRAJPUR,728677,7.8,144278.05,19.4,1009,3.69,88.98,37.22,30.97,43.6,3182,111658,67198,1968,54
495,2015-16,MADHYA PRADESH,SINGRAULI,1178132,19.3,203816.84,28.03,916,12.79,32.59,62.36,49.86,73.8,5675,151138,90763,1569,196
496,2015-16,MADHYA PRADESH,AGAR MALWA,,,,,,,,,,,,,,725,143
497,2015-16,GUJARAT,KACHCHH,2090313,13.27,310202.45,32.03,907,12.37,1.16,71.58,61.62,80.6,45674,234042,134857,182,1803
498,2015-16,GUJARAT,BANAS KANTHA,3116045,20.93,498878.8,24.43,936,10.49,9.11,66.39,52.58,79.45,10743,381163,232204,1098,1511
499,2015-16,GUJARAT,PATAN,1342746,25.35,179390.87,13.53,935,9.18,0.99,73.47,62.01,84.28,5792,138195,86225,203,719
500,2015-16,GUJARAT,MAHESANA,2027727,14.96,227713.74,9.91,925,7.98,0.46,84.26,76.12,91.88,4401,174840,113056,234,957
501,2015-16,GUJARAT,SABAR KANTHA,2427346,43.21,337401.09,16.56,950,7.73,22.32,76.6,65.29,87.45,7394,249776,148137,501,928
502,2015-16,GUJARAT,GANDHINAGAR,1387478,84.05,159421.22,12.15,920,7.8,1.31,85.78,77.37,93.59,2140,121780,74943,169,718
503,2015-16,GUJARAT,AHMEDABAD,7208200,28.3,802272.66,22.31,903,10.53,1.24,86.65,80.29,92.44,8107,609612,374117,357,2188
504,2015-16,GUJARAT,SURENDRANAGAR,1755873,58.12,234233.46,15.89,929,10.22,1.22,73.19,62.2,83.47,10423,178237,111528,136,894
505,2015-16,GUJARAT,RAJKOT,3799770,44.96,424054.33,19.87,924,7.63,0.63,82.2,75.26,88.67,11198,318580,200006,107,1711
506,2015-16,GUJARAT,JAMNAGAR,2159130,48.77,254129.6,13.38,938,8.05,1.12,74.4,65.97,82.35,14184,194472,124788,54,907
507,2015-16,GUJARAT,PORBANDAR,586062,33.05,63822.15,9.17,947,8.85,2.23,76.63,68.32,84.56,2316,48861,33038,60,366
508,2015-16,GUJARAT,JUNAGADH,2742291,25.49,301377.78,12.01,952,9.69,2.03,76.88,67.59,85.8,8831,231140,158420,154,998
509,2015-16,GUJARAT,AMRELI,1513614,41.01,168767.96,8.59,964,8.78,0.48,74.49,66.97,81.82,7397,128931,83918,73,897
510,2015-16,GUJARAT,BHAVNAGAR,2877961,30.32,369530.19,16.53,931,5.45,0.32,76.84,66.92,86.15,10034,283467,179581,118,1081
511,2015-16,GUJARAT,ANAND,2090276,22.76,243726.18,12.57,921,4.99,1.19,85.79,77.76,93.23,3204,182707,114797,481,778
512,2015-16,GUJARAT,KHEDA,2298934,14,277251.44,12.81,937,5.03,1.75,84.31,74.67,93.4,3953,211413,131958,668,903
513,2015-16,GUJARAT,PANCH MAHALS,2388267,8.99,348925.81,17.92,945,4.2,30.18,72.32,59.95,84.07,5231,263485,158068,606,928
514,2015-16,GUJARAT,DOHAD,2126558,49.54,402982.74,29.95,986,1.95,74.32,60.6,49.02,72.14,3642,306374,169215,814,1038
515,2015-16,GUJARAT,VADODARA,4157568,10.44,474378.51,14.16,934,5.32,27.61,81.21,74.4,87.59,7546,363506,226745,607,881
516,2015-16,GUJARAT,NARMADA,590379,34.07,75214.28,14.77,960,1.48,81.55,73.29,63.62,82.6,2817,57054,36318,320,451
517,2015-16,GUJARAT,BHARUCH,1550822,79.68,170590.42,13.14,924,4.01,31.48,83.03,76.79,88.8,6509,131300,86256,287,758
518,2015-16,GUJARAT,SURAT,6079231,10.89,710662.1,42.19,788,2.6,14.09,86.65,81.02,91.05,4549,537397,318023,640,1403
519,2015-16,GUJARAT,THE DANGS,226769,30.74,39389.78,21.44,1007,0.44,94.65,76.8,68.75,84.98,1766,30270,18891,267,148
520,2015-16,GUJARAT,NAVSARI,1330711,37.23,129478.18,8.24,961,2.67,48.11,84.78,79.3,90.06,2246,97702,62449,294,570
521,2015-16,GUJARAT,VALSAD,1703068,9.79,206241.53,20.74,926,2.24,52.93,80.94,74.96,86.48,3008,158038,98948,503,679
522,2015-16,GUJARAT,TAPI,806489,46.06,84520.05,12.07,1004,1.01,84.18,69.23,61.69,76.86,3139,64508,42420,503,386
523,2015-16,GUJARAT,ARAVALLI,,,,,,,,,,,,,,572,779
524,2015-16,GUJARAT,BOTAD,,,,,,,,,,,,,,23,295
525,2015-16,GUJARAT,DEVBHOOMI DWARKA,,,,,,,,,,,,,,127,656
526,2015-16,GUJARAT,GIR SOMNATH,,,,,,,,,,,,,,81,730
527,2015-16,GUJARAT,MAHISAGAR,,,,,,,,,,,,,,716,606
528,2015-16,GUJARAT,CHHOTAUDEPUR,,,,,,,,,,,,,,830,497
529,2015-16,GUJARAT,MORBI,,,,,,,,,,,,,,55,663
530,2015-16,DAMAN AND DIU,DIU,52056,83.1,6335.22,17.73,1030,3.58,0.24,83.36,75.83,91.24,39,4826,3272,23,1
531,2015-16,DAMAN AND DIU,DAMAN,190855,46.62,19543.55,67.43,533,2.23,7.97,88.06,81.14,91.53,72,15066,7458,36,5
532,2015-16,DADRA AND NAGAR HAVELI,DADRA AND NAGAR HAVELI(UT),342853,46.62,49199.41,55.5,775,1.8,51.95,77.65,65.93,86.46,491,37255,21915,177,128
533,2015-16,MAHARASHTRA,NANDURBAR,1646177,16.72,231287.87,25.5,972,2.91,69.28,63.04,53.9,71.98,5955,178959,115913,1349,284
534,2015-16,MAHARASHTRA,DHULE,2048781,27.91,261424.46,19.96,941,6.22,31.56,74.61,66.21,82.59,7195,200620,126867,1221,255
535,2015-16,MAHARASHTRA,JALGAON,4224442,31.8,513692.15,14.71,922,9.2,14.29,79.73,70.92,87.97,11765,385641,234503,1708,729
536,2015-16,MAHARASHTRA,BULDANA,2588039,21.23,324281.29,15.93,928,18.21,4.83,82.09,72.95,90.69,9661,237436,140129,1088,726
537,2015-16,MAHARASHTRA,AKOLA,1818617,39.69,206049.31,11.6,942,20.07,5.53,87.55,81.91,92.89,5676,150007,93903,751,546
538,2015-16,MAHARASHTRA,WASHIM,1196714,17.69,147435.16,17.23,926,19.17,6.72,81.7,72.26,90.54,4898,111363,67453,617,401
539,2015-16,MAHARASHTRA,AMRAVATI,2887826,35.9,299756.34,10.77,947,17.53,13.99,88.23,83.52,92.7,12210,221384,141492,1246,874
540,2015-16,MAHARASHTRA,WARDHA,1296157,32.47,124560.69,4.8,946,14.52,11.49,87.22,81.89,92.27,6309,92637,58272,793,377
541,2015-16,MAHARASHTRA,NAGPUR,4653171,68.3,481603.2,14.39,948,18.65,9.4,89.52,85.07,93.76,9892,356737,216651,1783,1163
542,2015-16,MAHARASHTRA,BHANDARA,1198810,19.5,122878.03,5.52,984,16.69,7.41,85.14,77.02,93.17,4087,89295,57913,646,345
543,2015-16,MAHARASHTRA,GONDIYA,1322331,17.07,136067.86,10.13,996,13.31,16.2,85.41,77.3,93.54,5234,100329,67092,737,561
544,2015-16,MAHARASHTRA,GADCHIROLI,1071795,11,115110.78,10.46,975,11.25,38.71,70.55,60.66,80.21,14412,87981,58664,1218,480
545,2015-16,MAHARASHTRA,CHANDRAPUR,2194262,35.08,223814.72,5.95,959,15.8,17.67,81.35,73.65,88.73,11443,165736,103471,1207,734
546,2015-16,MAHARASHTRA,YAVATMAL,2775457,21.59,320565.28,12.9,947,11.85,18.54,80.7,72.41,88.58,13582,236940,145985,1560,1061
547,2015-16,MAHARASHTRA,NANDED,3356566,27.23,444409.34,16.7,937,19.06,8.38,76.94,66.68,86.62,10528,337436,206034,1807,1077
548,2015-16,MAHARASHTRA,HINGOLI,1178973,15.17,161047.71,19.43,935,15.51,9.51,76.04,64.73,86.73,4827,122653,72548,610,418
549,2015-16,MAHARASHTRA,PARBHANI,1835982,31.04,251896.73,20.18,940,13.47,2.21,75.22,64.27,85.66,6214,190060,110690,759,758
550,2015-16,MAHARASHTRA,JALNA,1958483,19.26,281434.01,21.84,929,13.9,2.16,73.61,61.28,85.25,7718,210046,118787,1166,691
551,2015-16,MAHARASHTRA,AURANGABAD (MAHARASHTRA),3695928,43.74,516690.73,27.33,917,14.57,3.87,80.4,70.81,89.31,10107,380820,221497,1723,1390
552,2015-16,MAHARASHTRA,NASHIK,6109052,42.53,805173.05,22.33,931,9.08,25.62,80.96,73.43,88.03,15530,593521,355150,3073,1222
553,2015-16,MAHARASHTRA,THANE,11054131,76.92,1256854.69,35.94,880,6.6,13.95,86.18,80.78,90.9,9558,967257,580774,1440,1846
554,2015-16,MAHARASHTRA,MUMBAI (SUBURBAN),9332481,0,877253.21,8.01,857,6.23,1.12,90.9,86.93,90.54,446,677287,418313,1410,906
555,2015-16,MAHARASHTRA,MUMBAI II,3145966,0,262373.56,-5.75,838,7.13,0.81,88.48,86.03,94.28,157,198058,124571,5,14
556,2015-16,MAHARASHTRA,RAIGARH (MAHARASHTRA),2635394,36.91,290420.42,19.36,955,5.12,11.58,83.89,76.79,90.68,7152,216649,133353,2312,919
557,2015-16,MAHARASHTRA,PUNE,9426959,60.89,1067131.76,30.34,910,12.52,3.7,87.19,81.13,92.72,15643,784839,446459,3541,1903
558,2015-16,MAHARASHTRA,AHMADNAGAR,4543083,20.1,537446.72,12.43,934,12.63,8.33,80.22,71.15,88.81,17048,400320,241709,3363,814
559,2015-16,MAHARASHTRA,BID,2585962,19.9,344191.54,19.65,912,13.59,1.27,73.53,62.29,83.99,10693,262257,151489,2133,808
560,2015-16,MAHARASHTRA,LATUR,2455543,25.47,307679.54,18.04,924,19.6,2.34,79.03,70.02,87.42,7157,231868,143637,1007,873
561,2015-16,MAHARASHTRA,OSMANABAD,1660311,16.96,199569.38,11.69,920,16,2.17,76.33,66.67,85.31,7569,149867,88439,762,569
562,2015-16,MAHARASHTRA,SOLAPUR,4315527,32.4,519589.45,12.1,932,15.05,1.8,77.72,68.55,86.35,14895,387414,232441,2549,1145
563,2015-16,MAHARASHTRA,SATARA,3003922,18.98,307601.61,6.94,986,10.76,0.99,84.2,76.29,92.09,10480,226616,144288,2080,996
564,2015-16,MAHARASHTRA,RATNAGIRI,1612672,16.35,149494.69,-4.96,1123,4.15,1.26,82.43,74.55,91.43,8208,113298,79180,1818,1084
565,2015-16,MAHARASHTRA,SINDHUDURG,848868,12.6,68673.42,-2.3,1037,6.54,0.82,86.54,79.73,93.68,5207,51637,36391,983,537
566,2015-16,MAHARASHTRA,KOLHAPUR,3874015,31.75,395149.53,9.96,953,13.02,0.78,82.9,74.18,91.33,7685,289670,183643,1462,1212
567,2015-16,MAHARASHTRA,SANGLI,2820575,25.51,295032.15,9.18,964,12.51,0.65,82.62,74.66,90.4,8572,217977,138462,1455,747
568,2015-16,MAHARASHTRA,PALGHAR,,,,,,,,,,,,,,1769,888
569,2015-16,ANDHRA PRADESH,SRIKAKULAM,2699471,16.16,265358,6.38,1014,9.46,6.15,62.3,52.56,72.25,5837,207805,142351,2396,807
570,2015-16,ANDHRA PRADESH,VIZIANAGARAM,2342868,20.93,231006.78,4.16,1016,10.57,10.05,59.49,50.16,69.04,6539,175612,121341,2354,450
571,2015-16,ANDHRA PRADESH,VISAKHAPATNAM,4288113,47.51,429240.11,11.89,1003,7.68,14.42,67.7,60,75.48,11161,327917,219070,3417,801
572,2015-16,ANDHRA PRADESH,EAST GODAVARI,5151549,25.52,492488.08,5.1,1005,18.34,4.14,71.35,67.82,74.91,10807,379527,257470,3817,1021
573,2015-16,ANDHRA PRADESH,WEST GODAVARI,3934782,20.55,363573.86,3.45,1004,20.62,2.77,74.32,71.05,77.63,7742,277382,190903,2791,782
574,2015-16,ANDHRA PRADESH,KRISHNA,4529009,41.01,406705.01,8.15,997,19.28,2.93,74.37,69.62,79.13,8727,311406,209992,2568,897
575,2015-16,ANDHRA PRADESH,GUNTUR,4889230,33.89,466432.54,9.5,1003,19.59,5.06,67.99,60.64,75.4,11391,364741,243302,2964,794
576,2015-16,ANDHRA PRADESH,PRAKASAM,3392764,19.52,360311.54,10.9,981,23.19,4.45,63.53,53.4,73.54,17626,279116,186903,2857,630
577,2015-16,ANDHRA PRADESH,NELLORE,2966082,29.07,287413.35,11.15,986,22.49,9.65,69.15,62.3,75.93,13076,223115,147907,2978,642
578,2015-16,ANDHRA PRADESH,Kadapa,2884524,34.1,313547.76,10.87,984,16.16,2.63,67.88,57.26,78.41,15359,244146,158285,3028,602
579,2015-16,ANDHRA PRADESH,KURNOOL,4046601,28.26,477094.26,14.65,984,18.21,2.04,61.13,50.81,71.36,17658,372891,248731,2326,955
580,2015-16,ANDHRA PRADESH,ANANTAPUR,4083315,28.09,427114.75,12.16,977,14.29,3.78,64.28,54.31,74.09,19130,329609,216151,3077,968
581,2015-16,ANDHRA PRADESH,CHITTOOR,4170468,29.47,423302.5,11.33,1002,18.83,3.81,72.36,63.65,81.15,15152,321957,209615,4220,735
582,2015-16,KARNATAKA,BELGAUM,4778439,25.34,605428.22,13.38,969,12.08,6.22,73.94,64.74,82.9,13433,,,729,1015
583,2015-16,KARNATAKA,BAGALKOT,1890826,31.67,263770.23,14.46,984,16.89,5.14,69.39,58.55,80.16,6552,203219,116941,668,1022
584,2015-16,KARNATAKA,BIJAPUR (KARNATAKA),2175102,23.02,303426.73,20.38,954,20.34,1.81,67.2,56.54,77.41,10498,239147,137295,1300,1297
585,2015-16,KARNATAKA,GULBARGA,2564892,32.46,352159.67,17.94,962,25.28,2.54,65.65,55.87,,10954,272154,162340,1233,1457
586,2015-16,KARNATAKA,BIDAR,1700018,24.9,216922.3,13.16,952,23.47,13.85,71.01,61.66,79.94,5448,168415,104581,871,1155
587,2015-16,KARNATAKA,RAICHUR,1924773,25.32,272740.33,15.27,992,20.79,19.03,60.46,49.56,71.35,8442,211778,123576,914,941
588,2015-16,KARNATAKA,KOPPAL,1391292,16.79,194224.36,16.32,983,18.61,11.82,67.28,56.22,78.21,5570,151725,86967,540,680
589,2015-16,KARNATAKA,GADAG,1065235,35.65,127295.58,9.61,978,16.36,5.79,75.18,65.29,84.89,4657,97470,55810,270,507
590,2015-16,KARNATAKA,DHARWAD,1846993,56.83,210187.8,15.13,967,9.63,4.74,80.3,73.57,86.83,4260,155729,94416,358,701
591,2015-16,KARNATAKA,UTTARA KANNADA,1436847,29.14,146414.71,6.15,975,8.1,2.38,84.03,78.21,89.72,10277,,,526,529
592,2015-16,KARNATAKA,HAVERI,1598506,22.27,187824.46,11.08,951,13.77,8.85,77.6,70.65,84.22,4823,144551,83654,582,830
593,2015-16,KARNATAKA,BELLARY,2532383,36.3,341871.71,24.92,978,21.1,18.41,67.85,58.28,77.24,8461,253461,145395,758,1113
594,2015-16,KARNATAKA,CHITRADURGA,1660378,19.78,177826.48,9.39,969,23.45,18.23,73.82,66.05,81.37,8436,137222,80463,935,1029
595,2015-16,KARNATAKA,DAVANAGERE,1946905,32.31,206956,8.71,967,20.18,11.98,76.3,69.39,83.02,5924,158348,97666,814,1045
596,2015-16,KARNATAKA,SHIMOGA,1755512,35.5,176955.61,6.88,995,17.58,3.73,80.5,74.89,86.11,8478,129539,84564,1023,1211
597,2015-16,KARNATAKA,UDUPI,1177908,28.36,100593.34,5.9,1093,6.41,4.49,86.29,81.41,91.69,3582,73055,46058,274,644
598,2015-16,KARNATAKA,CHIKKAMANGALORE,1137753,21.07,100804.92,-0.28,1005,22.29,3.95,79.24,72.88,85.66,7202,75667,49836,854,828
599,2015-16,KARNATAKA,TUMKUR,2681449,22.48,252324.35,3.74,979,18.92,7.82,74.32,66.45,82.05,10597,,,1464,953
600,2015-16,KARNATAKA,KOLAR,1540231,31.38,161878.28,11.04,976,30.32,5.13,74.33,66.56,81.94,3979,125881,77893,1289,804
601,2015-16,KARNATAKA,BANGALORE U SOUTH,,,,,,,,,,91.82,0,,,689,1104
602,2015-16,KARNATAKA,BANGALORE RURAL,987257,27.11,101983.65,16.02,945,21.57,5.34,78.29,70.73,85.44,2298,76980,45496,744,525
603,2015-16,KARNATAKA,MANDYA,1808680,17.08,162057.73,2.55,989,14.69,1.24,70.14,62.1,78.14,4962,124847,79322,983,1052
604,2015-16,KARNATAKA,HASSAN,1776221,21.23,155596.96,3.17,1005,19.42,1.82,75.89,68.3,83.55,6814,117054,78073,1480,1207
605,2015-16,KARNATAKA,DAKSHINA KANNADA,2083625,47.6,202736.71,9.8,1018,7.09,3.94,88.62,84.04,93.31,4861,149387,94417,334,1079
606,2015-16,KARNATAKA,KODAGU,554762,14.62,52702.39,1.13,1019,13.27,10.47,82.52,77.91,87.24,4102,39503,26696,168,346
607,2015-16,KARNATAKA,MYSORE,2994744,41.35,285998.05,13.39,982,17.88,11.15,72.56,66.59,78.44,6307,222820,138957,1091,1334
608,2015-16,KARNATAKA,CHAMARAJANAGARA,1020962,17.17,94847.37,5.75,989,25.42,11.78,61.12,54.32,67.88,5648,73751,45606,416,521
609,2015-16,KARNATAKA,BANGALORE U NORTH,9588910,90.94,988616.62,46.68,908,21.57,5.34,88.48,84.8,,2298,,,433,723
610,2015-16,KARNATAKA,CHIKKABALLAPURA,1254377,22.26,124685.07,9.17,968,24.9,12.47,70.08,61.55,78.36,4244,99317,60933,1012,716
611,2015-16,KARNATAKA,BELGAUM CHIKKODI,,,,,,,,,,,0,,,969,1418
612,2015-16,KARNATAKA,TUMKUR MADHUGIRI,,,,,,,,,,,0,,,824,595
613,2015-16,KARNATAKA,RAMANAGARA,1082739,24.6,101560.92,5.06,976,18.83,2.12,69.2,61.3,76.92,3516,78988,48494,935,590
614,2015-16,KARNATAKA,YADAGIRI,1172985,18.8,185683.53,22.67,984,23.28,12.51,52.36,41.31,63.33,5270,146248,81921,651,574
615,2015-16,KARNATAKA,UTTARA KANNADA SIRSI,,,,,,,,,,89.72,0,,,659,552
616,2015-16,GOA,NORTH GOA,817761,60.24,75152.24,7.8,959,2.15,6.92,88.85,83.74,93.77,1736,55967,33643,602,42
617,2015-16,GOA,SOUTH GOA,639962,64.63,64380.18,8.63,980,1.22,14.47,85.53,79.42,91.56,1966,48424,28917,371,31
618,2015-16,LAKSHADWEEP,LAKSHADWEEP,64429,78.02,7087.19,6.23,946,0,94.8,92.28,88.25,96.11,30,5142,3204,17,13
619,2015-16,KERALA,KASARAGOD,1302600,38.78,128696.88,8.18,1079,4.08,3.74,89.85,86.13,93.93,1989,109584,65018,373,191
620,2015-16,KERALA,KANNUR,2525637,65.05,265191.89,4.84,1133,3.3,1.64,95.41,93.57,97.54,2961,191532,112105,856,453
621,2015-16,KERALA,WAYANAD,816558,3.87,89739.72,4.6,1035,3.99,18.53,89.32,85.94,92.84,2130,66156,42504,207,96
622,2015-16,KERALA,KOZHIKODE,3089543,67.15,323475.15,7.31,1097,6.45,0.49,95.24,93.16,97.57,2345,240266,147940,922,381
623,2015-16,KERALA,MALAPPURAM,4110956,44.19,552923.58,13.39,1096,7.5,0.56,93.55,91.55,95.78,3554,410109,243419,1053,337
624,2015-16,KERALA,PALAKKAD,2810892,24.09,288397.52,7.39,1067,14.37,1.74,88.49,84.99,92.27,4482,216562,131767,688,286
625,2015-16,KERALA,THRISSUR,3110327,67.19,289260.41,4.58,1109,10.39,0.3,95.32,93.85,96.98,3027,219260,133942,571,247
626,2015-16,KERALA,ERNAKULAM,3279860,68.07,289283.65,5.6,1028,8.18,0.5,95.68,94.27,97.14,3063,219910,136764,560,254
627,2015-16,KERALA,IDUKKI,1107453,4.7,100113.75,-1.93,1006,13.12,5.03,92.2,89.59,94.84,4356,76259,49839,384,89
628,2015-16,KERALA,KOTTAYAM,1979384,28.58,168643.52,1.32,1040,7.8,1.11,96.4,95.67,97.17,2206,127406,83448,523,201
629,2015-16,KERALA,ALAPPUZHA,2121943,54.06,186094.4,0.61,1100,9.46,0.31,96.26,94.8,97.9,1415,139006,88686,483,202
630,2015-16,KERALA,PATHANAMTHITTA,1195537,11,91458.58,-3.12,1129,13.74,0.68,96.93,96.26,97.7,2652,69965,46518,492,133
631,2015-16,KERALA,KOLLAM,2629703,45.11,237988.12,1.72,1113,12.46,0.41,93.77,91.95,95.83,2483,183488,116326,641,190
632,2015-16,KERALA,THIRUVANANTHAPURAM,3307284,53.8,290710.26,2.25,1088,11.3,0.81,92.66,90.89,94.6,2189,220757,136973,675,305
633,2015-16,TAMIL NADU,THIRUVALLUR,3725697,65.3,369961.71,35.25,983,22.04,1.27,83.82,78.39,89.18,3394,288322,171027,1467,372
634,2015-16,TAMIL NADU,CHENNAI,4681087,100,418489.18,7.77,986,16.78,0.22,90.33,87.16,93.47,175,324985,191820,643,185
635,2015-16,TAMIL NADU,KANCHEEPURAM,3990897,63.59,396296.07,38.69,985,23.71,1.03,85.29,80.17,90.34,4483,303755,176924,1378,451
636,2015-16,TAMIL NADU,VELLORE,3928106,43.13,406558.97,12.96,1004,21.85,1.85,79.65,72.43,86.96,6075,311431,195935,2094,551
637,2015-16,TAMIL NADU,DHARMAPURI,1502900,17.33,162162.91,16.04,946,16.29,4.18,64.71,60.03,69.16,4497,122997,77604,948,344
638,2015-16,TAMIL NADU,TIRUVANNAMALAI,2468965,20.1,256278.57,12.94,993,22.94,3.69,74.72,65.71,83.73,6188,198709,123835,1605,390
639,2015-16,TAMIL NADU,VILUPPURAM,3463284,14.72,378536.94,16.99,985,29.37,2.16,72.08,63.51,80.58,7194,296843,185773,1842,509
640,2015-16,TAMIL NADU,SALEM,3480008,51.04,322944.74,15.37,954,16.67,3.43,73.23,65.43,80.7,5237,250648,167554,1425,423
641,2015-16,TAMIL NADU,NAMAKKAL,1721179,40.27,140276.09,15.25,986,20,3.31,74.92,66.68,83.09,3420,109469,73065,822,201
642,2015-16,TAMIL NADU,ERODE,2259608,51.22,181220.56,12.05,992,16.41,0.97,72.96,65.07,80.81,5760,140648,91374,1477,436
643,2015-16,TAMIL NADU,THE NILGIRIS,735071,59.32,61672.46,-3.55,1041,32.08,4.46,85.65,79.44,92.15,2565,48278,33466,408,102
644,2015-16,TAMIL NADU,COIMBATORE,3472578,75.83,295516.39,18.46,1001,15.5,0.82,84.31,79.16,89.49,4732,227018,139939,1767,523
645,2015-16,TAMIL NADU,DINDIGUL,2161367,37.36,199926.45,12.39,998,20.95,0.37,76.85,68.82,84.91,6036,156753,100159,1294,281
646,2015-16,TAMIL NADU,KARUR,1076588,40.33,98938.44,15.06,1015,20.8,0.05,75.86,67.05,84.86,2904,74447,47972,655,187
647,2015-16,TAMIL NADU,TIRUCHIRAPPALLI,2713858,49.26,253745.72,12.22,1013,17.14,0.67,83.56,77.24,90,4509,195714,128189,1281,328
648,2015-16,TAMIL NADU,PERAMBALUR,564511,17.14,55943.04,14.36,1006,31.01,0.46,74.68,66.11,83.39,1756,42178,29579,776,213
649,2015-16,TAMIL NADU,CUDDALORE,2600880,33.94,260608.18,13.8,984,29.32,0.6,79.04,71.2,86.84,3703,203463,132088,1365,370
650,2015-16,TAMIL NADU,NAGAPATTINAM,1614069,22.54,154466.4,8.41,1025,31.54,0.23,84.09,78,90.38,2569,118429,79152,951,253
651,2015-16,TAMIL NADU,THIRUVARUR,1268094,20.4,115016.13,8.43,1020,34.09,0.24,83.26,77.02,89.65,2274,86626,58187,799,245
652,2015-16,TAMIL NADU,THANJAVUR,2402781,35.39,223939.19,8.42,1031,18.91,0.15,82.72,76.61,89.06,3411,172117,115548,1319,290
653,2015-16,TAMIL NADU,PUDUKKOTTAI,1618725,19.39,169966.13,10.9,1015,17.6,0.08,77.76,69.51,86.19,4644,129977,85951,1268,336
654,2015-16,TAMIL NADU,SIVAGANGA,1341250,30.99,127687,16.09,1000,17.01,0.06,80.46,72.33,88.61,4233,98702,65897,980,335
655,2015-16,TAMIL NADU,MADURAI,3041038,60.64,287073.99,17.95,990,13.46,0.37,81.66,76.74,86.55,3710,225600,145918,1301,336
656,2015-16,TAMIL NADU,THENI,1243684,53.83,110936.61,13.69,990,20.72,0.15,77.62,69.72,85.48,2868,86856,58124,527,183
657,2015-16,TAMIL NADU,VIRUDHUNAGAR,1943309,50.42,183254.04,10.96,1009,20.59,0.12,80.75,73.14,88.46,4241,143264,95860,1103,247
658,2015-16,TAMIL NADU,RAMANATHAPURAM,1337560,31.89,127469.47,12.63,977,18.4,0.08,81.48,74.93,87.89,4104,101663,67652,1041,225
659,2015-16,TAMIL NADU,THOOTHUKKUDI,1738376,50.15,170534.69,9.14,1024,19.88,0.28,86.52,81.77,91.42,4745,131933,88191,1190,314
660,2015-16,TAMIL NADU,TIRUNELVELI,3072880,49.49,301142.24,13.66,1024,18.51,0.33,82.92,76.38,89.66,6693,231229,152776,1804,460
661,2015-16,TAMIL NADU,KANNIYAKUMARI,1863174,82.47,161909.82,11.17,1010,3.97,0.39,92.14,90.45,93.86,1684,130314,82917,574,195
662,2015-16,TAMIL NADU,KRISHANAGIRI,1883731,22.75,203819.69,20.67,956,14.22,1.19,72.41,64.86,79.65,5129,158233,99082,1275,324
663,2015-16,PONDICHERRY,YANAM,55616,100,6021,77.15,1039,15.15,0,80.26,77.07,83.63,30,4478,3136,15,0
664,2015-16,PONDICHERRY,PONDICHERRY,946600,69.13,95432,28.73,1031,16.04,0,86.13,80.4,92.07,294,71036,44900,178,55
665,2015-16,PONDICHERRY,MAHE,41934,100,4588,13.86,1176,0.34,0,98.35,97.61,99.24,9,3235,1936,11,8
666,2015-16,PONDICHERRY,KARAIKAL,200314,49.01,21569,17.29,1048,17.65,0,87.83,82.61,93.36,157,15859,9836,74,23
667,2015-16,ANDAMAN AND NICOBAR ISLANDS,ANDAMANS,237586,55.89,23616.05,13.97,874,0,1.72,88.49,84.52,91.91,2672,17857,11335,81,39
668,2015-16,ANDAMAN AND NICOBAR ISLANDS,NICOBARS,36819,0,4226.82,-12.48,778,0,64.28,77.5,70.7,82.65,1841,3095,1416,30,9
669,2015-16,ANDAMAN AND NICOBAR ISLANDS,MIDDLE AND NORTH ANDAMANS,105539,2.6,11651.51,-0.07,925,0,0.72,84.25,79.39,88.72,3736,8551,5579,107,36
670,2015-16,TELANGANA,ADILABAD,2737738,27.68,295675.7,10.04,1003,17.82,18.09,61.55,51.99,71.22,16105,228154,155282,3080,734
671,2015-16,TELANGANA,NIZAMABAD,2552073,23.03,268222.87,8.8,1038,14.54,7.56,62.25,52.33,72.66,7956,202468,140658,1610,551
672,2015-16,TELANGANA,KARIMNAGAR,3811738,26.08,322854.21,9.16,1009,18.8,2.83,64.87,55.18,74.72,11823,238870,177859,2126,762
673,2015-16,TELANGANA,MEDAK,3031877,24.02,348665.86,13.55,989,17.74,5.57,62.53,52.49,72.5,9699,270385,172082,2018,693
674,2015-16,TELANGANA,HYDERABAD,4010238,100,419470.89,4.71,943,6.29,1.24,80.96,78.42,83.35,217,337982,211201,1565,559
675,2015-16,TELANGANA,RANGA REDDY,5296396,70.32,595314.91,48.15,955,12.31,4.13,78.05,71.82,84,7493,453728,276427,1789,1004
676,2015-16,TELANGANA,MAHBUBNAGAR,4042191,15,502040.12,15.03,975,17.49,8.99,56.06,45.65,66.27,18432,397377,255249,2809,984
677,2015-16,TELANGANA,NALGONDA,3483648,19,354983.73,7.26,982,18.27,11.3,65.05,55.05,74.94,14240,271721,182487,2424,607
678,2015-16,TELANGANA,WARANGAL,3522644,28.34,324435.51,8.52,994,17.54,15.11,66.16,56.45,75.91,12846,248862,178944,2373,693
679,2015-16,TELANGANA,KHAMMAM,2798214,23.43,267509.26,8.5,1010,16.55,27.37,65.46,57.85,73.2,16029,202858,144185,2154,602
